公司代码 ,公司简称 ,代码,简称,上市日期,Symbol
600000,  浦发银行,600000,  浦发银行,  1999-11-10,600000.SS
600004,  白云机场,600004,  白云机场,  2003-04-28,600004.SS
600006,  东风汽车,600006,  东风汽车,  1999-07-27,600006.SS
600007,  中国国贸,600007,  中国国贸,  1999-03-12,600007.SS
600008,  首创股份,600008,  首创股份,  2000-04-27,600008.SS
600009,  上海机场,600009,  上海机场,  1998-02-18,600009.SS
600010,  包钢股份,600010,  包钢股份,  2001-03-09,600010.SS
600011,  华能国际,600011,  华能国际,  2001-12-06,600011.SS
600012,  皖通高速,600012,  皖通高速,  2003-01-07,600012.SS
600015,  华夏银行,600015,  华夏银行,  2003-09-12,600015.SS
600016,  民生银行,600016,  民生银行,  2000-12-19,600016.SS
600017,  日照港,600017,  日照港,  2006-10-17,600017.SS
600018,  上港集团,600018,  上港集团,  2006-10-26,600018.SS
600019,  宝钢股份,600019,  宝钢股份,  2000-12-12,600019.SS
600020,  中原高速,600020,  中原高速,  2003-08-08,600020.SS
600021,  上海电力,600021,  上海电力,  2003-10-29,600021.SS
600022,  山东钢铁,600022,  山东钢铁,  2004-06-29,600022.SS
600023,  浙能电力,600023,  浙能电力,  2013-12-19,600023.SS
600025,  华能水电,600025,  华能水电,  2017-12-15,600025.SS
600026,  中远海能,600026,  中远海能,  2002-05-23,600026.SS
600027,  华电国际,600027,  华电国际,  2005-02-03,600027.SS
600028,  中国石化,600028,  中国石化,  2001-08-08,600028.SS
600029,  南方航空,600029,  南方航空,  2003-07-25,600029.SS
600030,  中信证券,600030,  中信证券,  2003-01-06,600030.SS
600031,  三一重工,600031,  三一重工,  2003-07-03,600031.SS
600033,  福建高速,600033,  福建高速,  2001-02-09,600033.SS
600035,  楚天高速,600035,  楚天高速,  2004-03-10,600035.SS
600036,  招商银行,600036,  招商银行,  2002-04-09,600036.SS
600037,  歌华有线,600037,  歌华有线,  2001-02-08,600037.SS
600038,  中直股份,600038,  中直股份,  2000-12-18,600038.SS
600039,  四川路桥,600039,  四川路桥,  2003-03-25,600039.SS
600048,  保利地产,600048,  保利地产,  2006-07-31,600048.SS
600050,  中国联通,600050,  中国联通,  2002-10-09,600050.SS
600051,  宁波联合,600051,  宁波联合,  1997-04-10,600051.SS
600052,  浙江广厦,600052,  浙江广厦,  1997-04-18,600052.SS
600053,  九鼎投资,600053,  九鼎投资,  1997-04-18,600053.SS
600054,  黄山旅游,600054,  黄山旅游,  1997-05-06,600054.SS
600055,  万东医疗,600055,  万东医疗,  1997-05-19,600055.SS
600056,  中国医药,600056,  中国医药,  1997-05-15,600056.SS
600057,  厦门象屿,600057,  厦门象屿,  1997-06-04,600057.SS
600058,  五矿发展,600058,  五矿发展,  1997-05-28,600058.SS
600059,  古越龙山,600059,  古越龙山,  1997-05-16,600059.SS
600060,  海信视像,600060,  海信视像,  1997-04-22,600060.SS
600061,  国投资本,600061,  国投资本,  1997-05-19,600061.SS
600062,  华润双鹤,600062,  华润双鹤,  1997-05-22,600062.SS
600063,  皖维高新,600063,  皖维高新,  1997-05-28,600063.SS
600064,  南京高科,600064,  南京高科,  1997-05-06,600064.SS
600066,  宇通客车,600066,  宇通客车,  1997-05-08,600066.SS
600067,  冠城大通,600067,  冠城大通,  1997-05-08,600067.SS
600068,  葛洲坝,600068,  葛洲坝,  1997-05-26,600068.SS
600070,  浙江富润,600070,  浙江富润,  1997-06-04,600070.SS
600071,  凤凰光学,600071,  凤凰光学,  1997-05-28,600071.SS
600072,  中船科技,600072,  中船科技,  1997-06-03,600072.SS
600073,  上海梅林,600073,  上海梅林,  1997-07-04,600073.SS
600075,  新疆天业,600075,  新疆天业,  1997-06-17,600075.SS
600076,  康欣新材,600076,  康欣新材,  1997-05-26,600076.SS
600077,  宋都股份,600077,  宋都股份,  1997-05-20,600077.SS
600078,  澄星股份,600078,  澄星股份,  1997-06-27,600078.SS
600079,  人福医药,600079,  人福医药,  1997-06-06,600079.SS
600080,  ST金花,600080,  ST金花,  1997-06-12,600080.SS
600081,  东风科技,600081,  东风科技,  1997-07-03,600081.SS
600082,  海泰发展,600082,  海泰发展,  1997-06-20,600082.SS
600083,  *ST博信,600083,  *ST博信,  1997-06-06,600083.SS
600084,  ST中葡,600084,  ST中葡,  1997-07-11,600084.SS
600085,  同仁堂,600085,  同仁堂,  1997-06-25,600085.SS
600086,  退市金钰,600086,  退市金钰,  1997-06-06,600086.SS
600088,  中视传媒,600088,  中视传媒,  1997-06-16,600088.SS
600089,  特变电工,600089,  特变电工,  1997-06-18,600089.SS
600090,  *ST济堂,600090,  *ST济堂,  1997-06-16,600090.SS
600091,  ST明科,600091,  ST明科,  1997-07-04,600091.SS
600093,  易见股份,600093,  易见股份,  1997-06-26,600093.SS
600094,  大名城,600094,  大名城,  1997-07-03,600094.SS
600095,  湘财股份,600095,  湘财股份,  1997-07-08,600095.SS
600096,  云天化,600096,  云天化,  1997-07-09,600096.SS
600097,  开创国际,600097,  开创国际,  1997-06-19,600097.SS
600098,  广州发展,600098,  广州发展,  1997-07-18,600098.SS
600099,  林海股份,600099,  林海股份,  1997-07-04,600099.SS
600100,  同方股份,600100,  同方股份,  1997-06-27,600100.SS
600101,  明星电力,600101,  明星电力,  1997-06-27,600101.SS
600103,  青山纸业,600103,  青山纸业,  1997-07-03,600103.SS
600104,  上汽集团,600104,  上汽集团,  1997-11-25,600104.SS
600105,  永鼎股份,600105,  永鼎股份,  1997-09-29,600105.SS
600106,  重庆路桥,600106,  重庆路桥,  1997-06-18,600106.SS
600107,  美尔雅,600107,  美尔雅,  1997-11-06,600107.SS
600108,  亚盛集团,600108,  亚盛集团,  1997-08-18,600108.SS
600109,  国金证券,600109,  国金证券,  1997-08-07,600109.SS
600110,  诺德股份,600110,  诺德股份,  1997-10-07,600110.SS
600111,  北方稀土,600111,  北方稀土,  1997-09-24,600111.SS
600112,  ST天成,600112,  ST天成,  1997-11-27,600112.SS
600113,  浙江东日,600113,  浙江东日,  1997-10-21,600113.SS
600114,  东睦股份,600114,  东睦股份,  2004-05-11,600114.SS
600115,  东方航空,600115,  东方航空,  1997-11-05,600115.SS
600116,  三峡水利,600116,  三峡水利,  1997-08-04,600116.SS
600117,  西宁特钢,600117,  西宁特钢,  1997-10-15,600117.SS
600118,  中国卫星,600118,  中国卫星,  1997-09-08,600118.SS
600119,  ST长投,600119,  ST长投,  1998-01-15,600119.SS
600120,  浙江东方,600120,  浙江东方,  1997-12-01,600120.SS
600121,  郑州煤电,600121,  郑州煤电,  1998-01-07,600121.SS
600122,  *ST宏图,600122,  *ST宏图,  1998-04-20,600122.SS
600123,  兰花科创,600123,  兰花科创,  1998-12-17,600123.SS
600125,  铁龙物流,600125,  铁龙物流,  1998-05-11,600125.SS
600126,  杭钢股份,600126,  杭钢股份,  1998-03-11,600126.SS
600127,  金健米业,600127,  金健米业,  1998-05-06,600127.SS
600128,  弘业股份,600128,  弘业股份,  1997-09-01,600128.SS
600129,  太极集团,600129,  太极集团,  1997-11-18,600129.SS
600130,  波导股份,600130,  波导股份,  2000-07-06,600130.SS
600131,  国网信通,600131,  国网信通,  1998-04-02,600131.SS
600132,  重庆啤酒,600132,  重庆啤酒,  1997-10-30,600132.SS
600133,  东湖高新,600133,  东湖高新,  1998-02-12,600133.SS
600135,  乐凯胶片,600135,  乐凯胶片,  1998-01-22,600135.SS
600136,  当代文体,600136,  当代文体,  1998-03-03,600136.SS
600137,  浪莎股份,600137,  浪莎股份,  1998-04-16,600137.SS
600138,  中青旅,600138,  中青旅,  1997-12-03,600138.SS
600139,  西部资源,600139,  西部资源,  1998-02-25,600139.SS
600141,  兴发集团,600141,  兴发集团,  1999-06-16,600141.SS
600143,  金发科技,600143,  金发科技,  2004-06-23,600143.SS
600145,  *ST新亿,600145,  *ST新亿,  1999-09-23,600145.SS
600146,  *ST环球,600146,  *ST环球,  1999-07-07,600146.SS
600148,  长春一东,600148,  长春一东,  1998-05-20,600148.SS
600149,  ST坊展,600149,  ST坊展,  1999-10-14,600149.SS
600150,  中国船舶,600150,  中国船舶,  1998-05-20,600150.SS
600151,  航天机电,600151,  航天机电,  1998-06-05,600151.SS
600152,  维科技术,600152,  维科技术,  1998-06-09,600152.SS
600153,  建发股份,600153,  建发股份,  1998-06-16,600153.SS
600155,  华创阳安,600155,  华创阳安,  1998-09-18,600155.SS
600156,  华升股份,600156,  华升股份,  1998-05-27,600156.SS
600157,  ST永泰,600157,  ST永泰,  1998-05-13,600157.SS
600158,  中体产业,600158,  中体产业,  1998-03-27,600158.SS
600159,  大龙地产,600159,  大龙地产,  1998-05-26,600159.SS
600160,  巨化股份,600160,  巨化股份,  1998-06-26,600160.SS
600161,  天坛生物,600161,  天坛生物,  1998-06-16,600161.SS
600162,  香江控股,600162,  香江控股,  1998-06-09,600162.SS
600163,  中闽能源,600163,  中闽能源,  1998-06-02,600163.SS
600165,  新日恒力,600165,  新日恒力,  1998-05-29,600165.SS
600166,  福田汽车,600166,  福田汽车,  1998-06-02,600166.SS
600167,  联美控股,600167,  联美控股,  1999-01-28,600167.SS
600168,  武汉控股,600168,  武汉控股,  1998-04-27,600168.SS
600169,  太原重工,600169,  太原重工,  1998-09-04,600169.SS
600170,  上海建工,600170,  上海建工,  1998-06-23,600170.SS
600171,  上海贝岭,600171,  上海贝岭,  1998-09-24,600171.SS
600172,  黄河旋风,600172,  黄河旋风,  1998-11-26,600172.SS
600173,  卧龙地产,600173,  卧龙地产,  1999-04-15,600173.SS
600176,  中国巨石,600176,  中国巨石,  1999-04-22,600176.SS
600177,  雅戈尔,600177,  雅戈尔,  1998-11-19,600177.SS
600178,  东安动力,600178,  东安动力,  1998-10-14,600178.SS
600179,  *ST安通,600179,  *ST安通,  1998-11-04,600179.SS
600180,  瑞茂通,600180,  瑞茂通,  1998-07-03,600180.SS
600182,  S佳通,600182,  S佳通,  1999-05-07,600182.SS
600183,  生益科技,600183,  生益科技,  1998-10-28,600183.SS
600184,  光电股份,600184,  光电股份,  2003-11-06,600184.SS
600185,  格力地产,600185,  格力地产,  1999-06-11,600185.SS
600186,  莲花健康,600186,  莲花健康,  1998-08-25,600186.SS
600187,  国中水务,600187,  国中水务,  1998-11-11,600187.SS
600188,  兖州煤业,600188,  兖州煤业,  1998-07-01,600188.SS
600189,  泉阳泉,600189,  泉阳泉,  1998-10-07,600189.SS
600190,  锦州港,600190,  锦州港,  1999-06-09,600190.SS
600191,  华资实业,600191,  华资实业,  1998-12-10,600191.SS
600192,  长城电工,600192,  长城电工,  1998-12-24,600192.SS
600193,  ST创兴,600193,  ST创兴,  1999-05-27,600193.SS
600195,  中牧股份,600195,  中牧股份,  1999-01-07,600195.SS
600196,  复星医药,600196,  复星医药,  1998-08-07,600196.SS
600197,  伊力特,600197,  伊力特,  1999-09-16,600197.SS
600198,  大唐电信,600198,  大唐电信,  1998-10-21,600198.SS
600199,  金种子酒,600199,  金种子酒,  1998-08-12,600199.SS
600200,  江苏吴中,600200,  江苏吴中,  1999-04-01,600200.SS
600201,  生物股份,600201,  生物股份,  1999-01-15,600201.SS
600202,  哈空调,600202,  哈空调,  1999-06-03,600202.SS
600203,  福日电子,600203,  福日电子,  1999-05-14,600203.SS
600206,  有研新材,600206,  有研新材,  1999-03-19,600206.SS
600207,  安彩高科,600207,  安彩高科,  1999-07-14,600207.SS
600208,  新湖中宝,600208,  新湖中宝,  1999-06-23,600208.SS
600209,  ST罗顿,600209,  ST罗顿,  1999-03-25,600209.SS
600210,  紫江企业,600210,  紫江企业,  1999-08-24,600210.SS
600211,  西藏药业,600211,  西藏药业,  1999-07-21,600211.SS
600212,  *ST江泉,600212,  *ST江泉,  1999-08-17,600212.SS
600213,  亚星客车,600213,  亚星客车,  1999-08-31,600213.SS
600215,  *ST经开,600215,  *ST经开,  1999-09-09,600215.SS
600216,  浙江医药,600216,  浙江医药,  1999-10-21,600216.SS
600217,  中再资环,600217,  中再资环,  1999-12-16,600217.SS
600218,  全柴动力,600218,  全柴动力,  1998-12-03,600218.SS
600219,  南山铝业,600219,  南山铝业,  1999-12-23,600219.SS
600220,  江苏阳光,600220,  江苏阳光,  1999-09-27,600220.SS
600221,  *ST海航,600221,  *ST海航,  1999-11-25,600221.SS
600222,  太龙药业,600222,  太龙药业,  1999-11-05,600222.SS
600223,  鲁商发展,600223,  鲁商发展,  2000-01-13,600223.SS
600225,  *ST松江,600225,  *ST松江,  2000-01-27,600225.SS
600226,  *ST瀚叶,600226,  *ST瀚叶,  1999-11-16,600226.SS
600227,  圣济堂,600227,  圣济堂,  2000-02-21,600227.SS
600228,  ST昌九,600228,  ST昌九,  1999-01-19,600228.SS
600229,  城市传媒,600229,  城市传媒,  2000-03-09,600229.SS
600230,  沧州大化,600230,  沧州大化,  2000-04-06,600230.SS
600231,  凌钢股份,600231,  凌钢股份,  2000-05-11,600231.SS
600232,  金鹰股份,600232,  金鹰股份,  2000-06-02,600232.SS
600233,  圆通速递,600233,  圆通速递,  2000-06-08,600233.SS
600234,  ST山水,600234,  ST山水,  2000-06-15,600234.SS
600235,  民丰特纸,600235,  民丰特纸,  2000-06-15,600235.SS
600236,  桂冠电力,600236,  桂冠电力,  2000-03-23,600236.SS
600237,  铜峰电子,600237,  铜峰电子,  2000-06-09,600237.SS
600238,  ST椰岛,600238,  ST椰岛,  2000-01-20,600238.SS
600239,  云南城投,600239,  云南城投,  1999-12-02,600239.SS
600241,  *ST时万,600241,  *ST时万,  2000-11-28,600241.SS
600242,  *ST中昌,600242,  *ST中昌,  2000-12-07,600242.SS
600243,  *ST海华,600243,  *ST海华,  2000-11-20,600243.SS
600246,  万通发展,600246,  万通发展,  2000-09-22,600246.SS
600247,  *ST成城,600247,  *ST成城,  2000-11-23,600247.SS
600248,  陕西建工,600248,  陕西建工,  2000-06-22,600248.SS
600249,  两面针,600249,  两面针,  2004-01-30,600249.SS
600250,  南纺股份,600250,  南纺股份,  2001-03-06,600250.SS
600251,  冠农股份,600251,  冠农股份,  2003-06-09,600251.SS
600252,  中恒集团,600252,  中恒集团,  2000-11-30,600252.SS
600255,  *ST鑫科,600255,  *ST鑫科,  2000-11-22,600255.SS
600256,  广汇能源,600256,  广汇能源,  2000-05-26,600256.SS
600257,  大湖股份,600257,  大湖股份,  2000-06-12,600257.SS
600258,  首旅酒店,600258,  首旅酒店,  2000-06-01,600258.SS
600259,  广晟有色,600259,  广晟有色,  2000-05-25,600259.SS
600260,  凯乐科技,600260,  凯乐科技,  2000-07-06,600260.SS
600261,  阳光照明,600261,  阳光照明,  2000-07-20,600261.SS
600262,  北方股份,600262,  北方股份,  2000-06-30,600262.SS
600265,  ST景谷,600265,  ST景谷,  2000-08-25,600265.SS
600266,  城建发展,600266,  城建发展,  1999-02-03,600266.SS
600267,  海正药业,600267,  海正药业,  2000-07-25,600267.SS
600268,  国电南自,600268,  国电南自,  1999-11-18,600268.SS
600269,  赣粤高速,600269,  赣粤高速,  2000-05-18,600269.SS
600271,  航天信息,600271,  航天信息,  2003-07-11,600271.SS
600272,  开开实业,600272,  开开实业,  1997-01-08,600272.SS
600273,  嘉化能源,600273,  嘉化能源,  2003-06-27,600273.SS
600275,  ST昌鱼,600275,  ST昌鱼,  2000-08-10,600275.SS
600276,  恒瑞医药,600276,  恒瑞医药,  2000-10-18,600276.SS
600277,  亿利洁能,600277,  亿利洁能,  2000-07-25,600277.SS
600278,  东方创业,600278,  东方创业,  2000-07-12,600278.SS
600279,  重庆港九,600279,  重庆港九,  2000-07-31,600279.SS
600280,  *ST中商,600280,  *ST中商,  2000-09-26,600280.SS
600281,  太化股份,600281,  太化股份,  2000-11-09,600281.SS
600282,  南钢股份,600282,  南钢股份,  2000-09-19,600282.SS
600283,  钱江水利,600283,  钱江水利,  2000-10-18,600283.SS
600284,  浦东建设,600284,  浦东建设,  2004-03-16,600284.SS
600285,  羚锐制药,600285,  羚锐制药,  2000-10-18,600285.SS
600287,  江苏舜天,600287,  江苏舜天,  2000-09-01,600287.SS
600288,  大恒科技,600288,  大恒科技,  2000-11-29,600288.SS
600289,  *ST信通,600289,  *ST信通,  2000-07-20,600289.SS
600290,  *ST华仪,600290,  *ST华仪,  2000-11-06,600290.SS
600291,  西水股份,600291,  西水股份,  2000-07-31,600291.SS
600292,  远达环保,600292,  远达环保,  2000-11-01,600292.SS
600293,  三峡新材,600293,  三峡新材,  2000-09-19,600293.SS
600295,  鄂尔多斯,600295,  鄂尔多斯,  1995-10-20,600295.SS
600297,  广汇汽车,600297,  广汇汽车,  2000-11-16,600297.SS
600298,  安琪酵母,600298,  安琪酵母,  2000-08-18,600298.SS
600299,  安迪苏,600299,  安迪苏,  2000-04-20,600299.SS
600300,  维维股份,600300,  维维股份,  2000-06-30,600300.SS
600301,  ST南化,600301,  ST南化,  2000-07-12,600301.SS
600302,  标准股份,600302,  标准股份,  2000-12-13,600302.SS
600303,  曙光股份,600303,  曙光股份,  2000-12-26,600303.SS
600305,  恒顺醋业,600305,  恒顺醋业,  2001-02-06,600305.SS
600306,  *ST商城,600306,  *ST商城,  2000-12-26,600306.SS
600307,  酒钢宏兴,600307,  酒钢宏兴,  2000-12-20,600307.SS
600308,  华泰股份,600308,  华泰股份,  2000-09-28,600308.SS
600309,  万华化学,600309,  万华化学,  2000-01-05,600309.SS
600310,  桂东电力,600310,  桂东电力,  2001-02-28,600310.SS
600311,  *ST荣华,600311,  *ST荣华,  2001-06-26,600311.SS
600312,  平高电气,600312,  平高电气,  2001-02-21,600312.SS
600313,  农发种业,600313,  农发种业,  2001-01-19,600313.SS
600315,  上海家化,600315,  上海家化,  2001-03-15,600315.SS
600316,  洪都航空,600316,  洪都航空,  2000-12-15,600316.SS
600318,  新力金融,600318,  新力金融,  2000-12-08,600318.SS
600319,  ST亚星,600319,  ST亚星,  2001-03-26,600319.SS
600320,  振华重工,600320,  振华重工,  2000-12-21,600320.SS
600321,  正源股份,600321,  正源股份,  2001-05-24,600321.SS
600322,  天房发展,600322,  天房发展,  2001-09-10,600322.SS
600323,  瀚蓝环境,600323,  瀚蓝环境,  2000-12-25,600323.SS
600325,  华发股份,600325,  华发股份,  2004-02-25,600325.SS
600326,  西藏天路,600326,  西藏天路,  2001-01-16,600326.SS
600327,  大东方,600327,  大东方,  2002-06-25,600327.SS
600328,  中盐化工,600328,  中盐化工,  2000-12-22,600328.SS
600329,  中新药业,600329,  中新药业,  2001-06-06,600329.SS
600330,  天通股份,600330,  天通股份,  2001-01-18,600330.SS
600331,  宏达股份,600331,  宏达股份,  2001-12-20,600331.SS
600332,  白云山,600332,  白云山,  2001-02-06,600332.SS
600333,  长春燃气,600333,  长春燃气,  2000-12-11,600333.SS
600335,  国机汽车,600335,  国机汽车,  2001-03-05,600335.SS
600336,  澳柯玛,600336,  澳柯玛,  2000-12-29,600336.SS
600337,  美克家居,600337,  美克家居,  2000-11-27,600337.SS
600338,  西藏珠峰,600338,  西藏珠峰,  2000-12-27,600338.SS
600339,  中油工程,600339,  中油工程,  2000-12-25,600339.SS
600340,  华夏幸福,600340,  华夏幸福,  2003-12-30,600340.SS
600343,  航天动力,600343,  航天动力,  2003-04-08,600343.SS
600345,  长江通信,600345,  长江通信,  2000-12-22,600345.SS
600346,  恒力石化,600346,  恒力石化,  2001-08-20,600346.SS
600348,  华阳股份,600348,  华阳股份,  2003-08-21,600348.SS
600350,  山东高速,600350,  山东高速,  2002-03-18,600350.SS
600351,  亚宝药业,600351,  亚宝药业,  2002-09-26,600351.SS
600352,  浙江龙盛,600352,  浙江龙盛,  2003-08-01,600352.SS
600353,  旭光电子,600353,  旭光电子,  2002-11-20,600353.SS
600354,  *ST敦种,600354,  *ST敦种,  2004-01-15,600354.SS
600355,  精伦电子,600355,  精伦电子,  2002-06-13,600355.SS
600356,  恒丰纸业,600356,  恒丰纸业,  2001-04-19,600356.SS
600358,  *ST联合,600358,  *ST联合,  2000-09-22,600358.SS
600359,  新农开发,600359,  新农开发,  1999-04-29,600359.SS
600360,  华微电子,600360,  华微电子,  2001-03-16,600360.SS
600361,  华联综超,600361,  华联综超,  2001-11-29,600361.SS
600362,  江西铜业,600362,  江西铜业,  2002-01-11,600362.SS
600363,  联创光电,600363,  联创光电,  2001-03-29,600363.SS
600365,  ST通葡,600365,  ST通葡,  2001-01-15,600365.SS
600366,  宁波韵升,600366,  宁波韵升,  2000-10-30,600366.SS
600367,  红星发展,600367,  红星发展,  2001-03-20,600367.SS
600368,  五洲交通,600368,  五洲交通,  2000-12-21,600368.SS
600369,  西南证券,600369,  西南证券,  2001-01-09,600369.SS
600370,  三房巷,600370,  三房巷,  2003-03-06,600370.SS
600371,  万向德农,600371,  万向德农,  2002-09-16,600371.SS
600372,  中航电子,600372,  中航电子,  2001-07-06,600372.SS
600373,  中文传媒,600373,  中文传媒,  2002-03-04,600373.SS
600375,  汉马科技,600375,  汉马科技,  2003-04-01,600375.SS
600376,  首开股份,600376,  首开股份,  2001-03-12,600376.SS
600377,  宁沪高速,600377,  宁沪高速,  2001-01-16,600377.SS
600378,  昊华科技,600378,  昊华科技,  2001-01-11,600378.SS
600379,  宝光股份,600379,  宝光股份,  2002-01-16,600379.SS
600380,  健康元,600380,  健康元,  2001-06-08,600380.SS
600381,  青海春天,600381,  青海春天,  2001-05-08,600381.SS
600382,  广东明珠,600382,  广东明珠,  2001-01-18,600382.SS
600383,  金地集团,600383,  金地集团,  2001-04-12,600383.SS
600385,  ST金泰,600385,  ST金泰,  2001-07-23,600385.SS
600386,  北巴传媒,600386,  北巴传媒,  2001-02-16,600386.SS
600387,  海越能源,600387,  海越能源,  2004-02-18,600387.SS
600388,  龙净环保,600388,  龙净环保,  2000-12-29,600388.SS
600389,  江山股份,600389,  江山股份,  2001-01-10,600389.SS
600390,  五矿资本,600390,  五矿资本,  2001-01-15,600390.SS
600391,  航发科技,600391,  航发科技,  2001-12-12,600391.SS
600392,  盛和资源,600392,  盛和资源,  2003-05-29,600392.SS
600393,  粤泰股份,600393,  粤泰股份,  2001-03-19,600393.SS
600395,  盘江股份,600395,  盘江股份,  2001-05-31,600395.SS
600396,  金山股份,600396,  金山股份,  2001-03-28,600396.SS
600397,  安源煤业,600397,  安源煤业,  2002-07-02,600397.SS
600398,  海澜之家,600398,  海澜之家,  2000-12-28,600398.SS
600399,  ST抚钢,600399,  ST抚钢,  2000-12-29,600399.SS
600400,  红豆股份,600400,  红豆股份,  2001-01-08,600400.SS
600403,  大有能源,600403,  大有能源,  2003-10-09,600403.SS
600405,  动力源,600405,  动力源,  2004-04-01,600405.SS
600406,  国电南瑞,600406,  国电南瑞,  2003-10-16,600406.SS
600408,  ST安泰,600408,  ST安泰,  2003-02-12,600408.SS
600409,  三友化工,600409,  三友化工,  2003-06-18,600409.SS
600410,  华胜天成,600410,  华胜天成,  2004-04-27,600410.SS
600415,  小商品城,600415,  小商品城,  2002-05-09,600415.SS
600416,  *ST湘电,600416,  *ST湘电,  2002-07-18,600416.SS
600418,  江淮汽车,600418,  江淮汽车,  2001-08-24,600418.SS
600419,  天润乳业,600419,  天润乳业,  2001-06-28,600419.SS
600420,  现代制药,600420,  现代制药,  2004-06-16,600420.SS
600421,  ST华嵘,600421,  ST华嵘,  2004-06-07,600421.SS
600422,  昆药集团,600422,  昆药集团,  2000-12-06,600422.SS
600423,  ST柳化,600423,  ST柳化,  2003-07-17,600423.SS
600425,  青松建化,600425,  青松建化,  2003-07-24,600425.SS
600426,  华鲁恒升,600426,  华鲁恒升,  2002-06-20,600426.SS
600428,  中远海特,600428,  中远海特,  2002-04-18,600428.SS
600429,  三元股份,600429,  三元股份,  2003-09-15,600429.SS
600433,  冠豪高新,600433,  冠豪高新,  2003-06-19,600433.SS
600435,  北方导航,600435,  北方导航,  2003-07-04,600435.SS
600436,  片仔癀,600436,  片仔癀,  2003-06-16,600436.SS
600438,  通威股份,600438,  通威股份,  2004-03-02,600438.SS
600439,  瑞贝卡,600439,  瑞贝卡,  2003-07-10,600439.SS
600444,  国机通用,600444,  国机通用,  2004-02-19,600444.SS
600446,  金证股份,600446,  金证股份,  2003-12-24,600446.SS
600448,  华纺股份,600448,  华纺股份,  2001-09-03,600448.SS
600449,  宁夏建材,600449,  宁夏建材,  2003-08-29,600449.SS
600452,  涪陵电力,600452,  涪陵电力,  2004-03-03,600452.SS
600455,  博通股份,600455,  博通股份,  2004-03-29,600455.SS
600456,  宝钛股份,600456,  宝钛股份,  2002-04-12,600456.SS
600458,  时代新材,600458,  时代新材,  2002-12-19,600458.SS
600459,  贵研铂业,600459,  贵研铂业,  2003-05-16,600459.SS
600460,  士兰微,600460,  士兰微,  2003-03-11,600460.SS
600461,  洪城水业,600461,  洪城水业,  2004-06-01,600461.SS
600462,  *ST九有,600462,  *ST九有,  2003-09-03,600462.SS
600463,  空港股份,600463,  空港股份,  2004-03-18,600463.SS
600466,  蓝光发展,600466,  蓝光发展,  2001-02-12,600466.SS
600467,  好当家,600467,  好当家,  2004-04-05,600467.SS
600468,  百利电气,600468,  百利电气,  2001-06-15,600468.SS
600469,  风神股份,600469,  风神股份,  2003-10-21,600469.SS
600470,  *ST六化,600470,  *ST六化,  2004-03-05,600470.SS
600475,  华光环能,600475,  华光环能,  2003-07-21,600475.SS
600476,  湘邮科技,600476,  湘邮科技,  2003-12-10,600476.SS
600477,  杭萧钢构,600477,  杭萧钢构,  2003-11-10,600477.SS
600478,  科力远,600478,  科力远,  2003-09-18,600478.SS
600479,  千金药业,600479,  千金药业,  2004-03-12,600479.SS
600480,  凌云股份,600480,  凌云股份,  2003-08-15,600480.SS
600481,  双良节能,600481,  双良节能,  2003-04-22,600481.SS
600482,  中国动力,600482,  中国动力,  2004-07-14,600482.SS
600483,  福能股份,600483,  福能股份,  2004-05-31,600483.SS
600486,  扬农化工,600486,  扬农化工,  2002-04-25,600486.SS
600487,  亨通光电,600487,  亨通光电,  2003-08-22,600487.SS
600488,  天药股份,600488,  天药股份,  2001-06-18,600488.SS
600489,  中金黄金,600489,  中金黄金,  2003-08-14,600489.SS
600490,  鹏欣资源,600490,  鹏欣资源,  2003-06-26,600490.SS
600491,  龙元建设,600491,  龙元建设,  2004-05-24,600491.SS
600493,  凤竹纺织,600493,  凤竹纺织,  2004-04-21,600493.SS
600495,  晋西车轴,600495,  晋西车轴,  2004-05-26,600495.SS
600496,  精工钢构,600496,  精工钢构,  2002-06-05,600496.SS
600497,  驰宏锌锗,600497,  驰宏锌锗,  2004-04-20,600497.SS
600498,  烽火通信,600498,  烽火通信,  2001-08-23,600498.SS
600499,  科达制造,600499,  科达制造,  2002-10-10,600499.SS
600500,  中化国际,600500,  中化国际,  2000-03-01,600500.SS
600501,  航天晨光,600501,  航天晨光,  2001-06-15,600501.SS
600502,  安徽建工,600502,  安徽建工,  2003-04-15,600502.SS
600503,  华丽家族,600503,  华丽家族,  2002-07-09,600503.SS
600505,  西昌电力,600505,  西昌电力,  2002-05-30,600505.SS
600506,  香梨股份,600506,  香梨股份,  2001-12-26,600506.SS
600507,  方大特钢,600507,  方大特钢,  2003-09-30,600507.SS
600508,  上海能源,600508,  上海能源,  2001-08-29,600508.SS
600509,  天富能源,600509,  天富能源,  2002-02-28,600509.SS
600510,  黑牡丹,600510,  黑牡丹,  2002-06-18,600510.SS
600511,  国药股份,600511,  国药股份,  2002-11-27,600511.SS
600512,  腾达建设,600512,  腾达建设,  2002-12-26,600512.SS
600513,  联环药业,600513,  联环药业,  2003-03-19,600513.SS
600515,  *ST基础,600515,  *ST基础,  2002-08-06,600515.SS
600516,  方大炭素,600516,  方大炭素,  2002-08-30,600516.SS
600517,  国网英大,600517,  国网英大,  2003-10-10,600517.SS
600518,  ST康美,600518,  ST康美,  2001-03-19,600518.SS
600519,  贵州茅台,600519,  贵州茅台,  2001-08-27,600519.SS
600520,  文一科技,600520,  文一科技,  2002-01-08,600520.SS
600521,  华海药业,600521,  华海药业,  2003-03-04,600521.SS
600522,  中天科技,600522,  中天科技,  2002-10-24,600522.SS
600523,  贵航股份,600523,  贵航股份,  2001-12-27,600523.SS
600525,  长园集团,600525,  长园集团,  2002-12-02,600525.SS
600526,  菲达环保,600526,  菲达环保,  2002-07-22,600526.SS
600527,  江南高纤,600527,  江南高纤,  2003-11-27,600527.SS
600528,  中铁工业,600528,  中铁工业,  2001-05-28,600528.SS
600529,  山东药玻,600529,  山东药玻,  2002-06-03,600529.SS
600530,  *ST交昂,600530,  *ST交昂,  2001-07-02,600530.SS
600531,  豫光金铅,600531,  豫光金铅,  2002-07-30,600531.SS
600532,  未来股份,600532,  未来股份,  2002-10-31,600532.SS
600533,  栖霞建设,600533,  栖霞建设,  2002-03-28,600533.SS
600535,  天士力,600535,  天士力,  2002-08-23,600535.SS
600536,  中国软件,600536,  中国软件,  2002-05-17,600536.SS
600537,  亿晶光电,600537,  亿晶光电,  2003-01-23,600537.SS
600538,  国发股份,600538,  国发股份,  2003-01-14,600538.SS
600539,  ST狮头,600539,  ST狮头,  2001-08-24,600539.SS
600540,  新赛股份,600540,  新赛股份,  2004-01-07,600540.SS
600543,  莫高股份,600543,  莫高股份,  2004-03-24,600543.SS
600545,  卓郎智能,600545,  卓郎智能,  2003-12-03,600545.SS
600546,  山煤国际,600546,  山煤国际,  2003-07-31,600546.SS
600547,  山东黄金,600547,  山东黄金,  2003-08-28,600547.SS
600548,  深高速,600548,  深高速,  2001-12-25,600548.SS
600549,  厦门钨业,600549,  厦门钨业,  2002-11-07,600549.SS
600550,  保变电气,600550,  保变电气,  2001-02-28,600550.SS
600551,  时代出版,600551,  时代出版,  2002-09-05,600551.SS
600552,  凯盛科技,600552,  凯盛科技,  2002-11-08,600552.SS
600555,  *ST海创,600555,  *ST海创,  2001-03-28,600555.SS
600556,  天下秀,600556,  天下秀,  2001-08-07,600556.SS
600557,  康缘药业,600557,  康缘药业,  2002-09-18,600557.SS
600558,  大西洋,600558,  大西洋,  2001-02-27,600558.SS
600559,  老白干酒,600559,  老白干酒,  2002-10-29,600559.SS
600560,  金自天正,600560,  金自天正,  2002-09-19,600560.SS
600561,  江西长运,600561,  江西长运,  2002-07-16,600561.SS
600562,  国睿科技,600562,  国睿科技,  2003-01-28,600562.SS
600563,  法拉电子,600563,  法拉电子,  2002-12-10,600563.SS
600565,  迪马股份,600565,  迪马股份,  2002-07-23,600565.SS
600566,  济川药业,600566,  济川药业,  2001-08-22,600566.SS
600567,  山鹰国际,600567,  山鹰国际,  2001-12-18,600567.SS
600568,  *ST中珠,600568,  *ST中珠,  2001-05-18,600568.SS
600569,  安阳钢铁,600569,  安阳钢铁,  2001-08-20,600569.SS
600570,  恒生电子,600570,  恒生电子,  2003-12-16,600570.SS
600571,  信雅达,600571,  信雅达,  2002-11-01,600571.SS
600572,  康恩贝,600572,  康恩贝,  2004-04-12,600572.SS
600573,  惠泉啤酒,600573,  惠泉啤酒,  2003-02-26,600573.SS
600575,  淮河能源,600575,  淮河能源,  2003-03-28,600575.SS
600576,  祥源文化,600576,  祥源文化,  2003-02-20,600576.SS
600577,  精达股份,600577,  精达股份,  2002-09-11,600577.SS
600578,  京能电力,600578,  京能电力,  2002-05-10,600578.SS
600579,  克劳斯,600579,  克劳斯,  2002-08-09,600579.SS
600580,  卧龙电驱,600580,  卧龙电驱,  2002-06-06,600580.SS
600581,  八一钢铁,600581,  八一钢铁,  2002-08-16,600581.SS
600582,  天地科技,600582,  天地科技,  2002-05-15,600582.SS
600583,  海油工程,600583,  海油工程,  2002-02-05,600583.SS
600584,  长电科技,600584,  长电科技,  2003-06-03,600584.SS
600585,  海螺水泥,600585,  海螺水泥,  2002-02-07,600585.SS
600586,  金晶科技,600586,  金晶科技,  2002-08-15,600586.SS
600587,  新华医疗,600587,  新华医疗,  2002-09-27,600587.SS
600588,  用友网络,600588,  用友网络,  2001-05-18,600588.SS
600589,  广东榕泰,600589,  广东榕泰,  2001-06-12,600589.SS
600590,  泰豪科技,600590,  泰豪科技,  2002-07-03,600590.SS
600592,  龙溪股份,600592,  龙溪股份,  2002-08-05,600592.SS
600593,  大连圣亚,600593,  大连圣亚,  2002-07-11,600593.SS
600594,  益佰制药,600594,  益佰制药,  2004-03-23,600594.SS
600595,  *ST中孚,600595,  *ST中孚,  2002-06-26,600595.SS
600596,  新安股份,600596,  新安股份,  2001-09-06,600596.SS
600597,  光明乳业,600597,  光明乳业,  2002-08-28,600597.SS
600598,  北大荒,600598,  北大荒,  2002-03-29,600598.SS
600599,  *ST熊猫,600599,  *ST熊猫,  2001-08-28,600599.SS
600600,  青岛啤酒,600600,  青岛啤酒,  1993-08-27,600600.SS
600601,  方正科技,600601,  方正科技,  1990-12-19,600601.SS
600602,  云赛智联,600602,  云赛智联,  1990-12-19,600602.SS
600603,  广汇物流,600603,  广汇物流,  1992-01-13,600603.SS
600604,  市北高新,600604,  市北高新,  1992-03-27,600604.SS
600605,  汇通能源,600605,  汇通能源,  1992-03-27,600605.SS
600606,  绿地控股,600606,  绿地控股,  1992-03-27,600606.SS
600608,  ST沪科,600608,  ST沪科,  1992-03-27,600608.SS
600609,  金杯汽车,600609,  金杯汽车,  1992-07-24,600609.SS
600610,  ST毅达,600610,  ST毅达,  1992-08-05,600610.SS
600611,  大众交通,600611,  大众交通,  1992-08-07,600611.SS
600612,  老凤祥,600612,  老凤祥,  1992-08-14,600612.SS
600613,  神奇制药,600613,  神奇制药,  1992-08-20,600613.SS
600615,  丰华股份,600615,  丰华股份,  1992-09-10,600615.SS
600616,  金枫酒业,600616,  金枫酒业,  1992-09-29,600616.SS
600617,  国新能源,600617,  国新能源,  1992-10-13,600617.SS
600618,  氯碱化工,600618,  氯碱化工,  1992-11-13,600618.SS
600619,  海立股份,600619,  海立股份,  1992-11-13,600619.SS
600620,  天宸股份,600620,  天宸股份,  1992-11-17,600620.SS
600621,  华鑫股份,600621,  华鑫股份,  1992-12-02,600621.SS
600622,  光大嘉宝,600622,  光大嘉宝,  1992-12-03,600622.SS
600623,  华谊集团,600623,  华谊集团,  1992-12-04,600623.SS
600624,  复旦复华,600624,  复旦复华,  1993-01-05,600624.SS
600626,  申达股份,600626,  申达股份,  1993-01-07,600626.SS
600628,  新世界,600628,  新世界,  1993-01-09,600628.SS
600629,  华建集团,600629,  华建集团,  1993-02-09,600629.SS
600630,  龙头股份,600630,  龙头股份,  1993-02-09,600630.SS
600633,  浙数文化,600633,  浙数文化,  1993-03-04,600633.SS
600635,  大众公用,600635,  大众公用,  1993-03-04,600635.SS
600636,  国新文化,600636,  国新文化,  1993-03-16,600636.SS
600637,  东方明珠,600637,  东方明珠,  1993-03-16,600637.SS
600638,  新黄浦,600638,  新黄浦,  1993-03-26,600638.SS
600639,  浦东金桥,600639,  浦东金桥,  1993-03-26,600639.SS
600640,  号百控股,600640,  号百控股,  1993-04-07,600640.SS
600641,  万业企业,600641,  万业企业,  1993-04-07,600641.SS
600642,  申能股份,600642,  申能股份,  1993-04-16,600642.SS
600643,  爱建集团,600643,  爱建集团,  1993-04-26,600643.SS
600644,  乐山电力,600644,  乐山电力,  1993-04-26,600644.SS
600645,  中源协和,600645,  中源协和,  1993-05-04,600645.SS
600647,  同达创业,600647,  同达创业,  1993-05-04,600647.SS
600648,  外高桥,600648,  外高桥,  1993-05-04,600648.SS
600649,  城投控股,600649,  城投控股,  1993-05-18,600649.SS
600650,  锦江投资,600650,  锦江投资,  1993-06-07,600650.SS
600651,  *ST飞乐,600651,  *ST飞乐,  1986-09-26,600651.SS
600652,  ST游久,600652,  ST游久,  1990-12-19,600652.SS
600653,  申华控股,600653,  申华控股,  1990-12-19,600653.SS
600654,  ST中安,600654,  ST中安,  1990-12-19,600654.SS
600655,  豫园股份,600655,  豫园股份,  1992-09-02,600655.SS
600657,  信达地产,600657,  信达地产,  1993-05-24,600657.SS
600658,  电子城,600658,  电子城,  1993-05-24,600658.SS
600660,  福耀玻璃,600660,  福耀玻璃,  1993-06-10,600660.SS
600661,  昂立教育,600661,  昂立教育,  1993-06-14,600661.SS
600662,  强生控股,600662,  强生控股,  1993-06-14,600662.SS
600663,  陆家嘴,600663,  陆家嘴,  1993-06-28,600663.SS
600664,  哈药股份,600664,  哈药股份,  1993-06-29,600664.SS
600665,  天地源,600665,  天地源,  1993-07-09,600665.SS
600666,  ST瑞德,600666,  ST瑞德,  1993-07-12,600666.SS
600667,  太极实业,600667,  太极实业,  1993-07-28,600667.SS
600668,  尖峰集团,600668,  尖峰集团,  1993-07-28,600668.SS
600671,  *ST目药,600671,  *ST目药,  1993-08-23,600671.SS
600673,  东阳光,600673,  东阳光,  1993-09-17,600673.SS
600674,  川投能源,600674,  川投能源,  1993-09-24,600674.SS
600675,  中华企业,600675,  中华企业,  1993-09-24,600675.SS
600676,  交运股份,600676,  交运股份,  1993-09-28,600676.SS
600678,  四川金顶,600678,  四川金顶,  1993-10-08,600678.SS
600679,  上海凤凰,600679,  上海凤凰,  1993-10-08,600679.SS
600681,  百川能源,600681,  百川能源,  1993-10-18,600681.SS
600682,  南京新百,600682,  南京新百,  1993-10-18,600682.SS
600683,  京投发展,600683,  京投发展,  1993-10-25,600683.SS
600684,  珠江实业,600684,  珠江实业,  1993-10-28,600684.SS
600685,  中船防务,600685,  中船防务,  1993-10-28,600685.SS
600686,  金龙汽车,600686,  金龙汽车,  1993-11-08,600686.SS
600687,  退市刚泰,600687,  退市刚泰,  1993-11-08,600687.SS
600688,  上海石化,600688,  上海石化,  1993-11-08,600688.SS
600689,  上海三毛,600689,  上海三毛,  1993-11-08,600689.SS
600690,  海尔智家,600690,  海尔智家,  1993-11-19,600690.SS
600691,  阳煤化工,600691,  阳煤化工,  1993-11-19,600691.SS
600692,  亚通股份,600692,  亚通股份,  1993-11-19,600692.SS
600693,  东百集团,600693,  东百集团,  1993-11-22,600693.SS
600694,  大商股份,600694,  大商股份,  1993-11-22,600694.SS
600695,  绿庭投资,600695,  绿庭投资,  1993-11-22,600695.SS
600696,  ST岩石,600696,  ST岩石,  1993-12-06,600696.SS
600697,  欧亚集团,600697,  欧亚集团,  1993-12-06,600697.SS
600698,  ST天雁,600698,  ST天雁,  1993-12-06,600698.SS
600699,  均胜电子,600699,  均胜电子,  1993-12-06,600699.SS
600702,  ST舍得,600702,  ST舍得,  1996-05-24,600702.SS
600703,  三安光电,600703,  三安光电,  1996-05-28,600703.SS
600704,  物产中大,600704,  物产中大,  1996-06-06,600704.SS
600705,  中航资本,600705,  中航资本,  1996-05-16,600705.SS
600706,  曲江文旅,600706,  曲江文旅,  1996-05-16,600706.SS
600707,  彩虹股份,600707,  彩虹股份,  1996-05-20,600707.SS
600708,  光明地产,600708,  光明地产,  1996-06-06,600708.SS
600710,  苏美达,600710,  苏美达,  1996-07-01,600710.SS
600711,  盛屯矿业,600711,  盛屯矿业,  1996-05-31,600711.SS
600712,  南宁百货,600712,  南宁百货,  1996-06-26,600712.SS
600713,  南京医药,600713,  南京医药,  1996-07-01,600713.SS
600714,  金瑞矿业,600714,  金瑞矿业,  1996-06-06,600714.SS
600715,  文投控股,600715,  文投控股,  1996-07-01,600715.SS
600716,  凤凰股份,600716,  凤凰股份,  1996-07-02,600716.SS
600717,  天津港,600717,  天津港,  1996-06-14,600717.SS
600718,  东软集团,600718,  东软集团,  1996-06-18,600718.SS
600719,  大连热电,600719,  大连热电,  1996-07-16,600719.SS
600720,  祁连山,600720,  祁连山,  1996-07-16,600720.SS
600721,  ST百花,600721,  ST百花,  1996-06-26,600721.SS
600722,  金牛化工,600722,  金牛化工,  1996-06-26,600722.SS
600723,  首商股份,600723,  首商股份,  1996-07-16,600723.SS
600724,  宁波富达,600724,  宁波富达,  1996-07-16,600724.SS
600725,  ST云维,600725,  ST云维,  1996-07-02,600725.SS
600726,  华电能源,600726,  华电能源,  1996-07-01,600726.SS
600727,  鲁北化工,600727,  鲁北化工,  1996-07-02,600727.SS
600728,  佳都科技,600728,  佳都科技,  1996-07-16,600728.SS
600729,  重庆百货,600729,  重庆百货,  1996-07-02,600729.SS
600730,  中国高科,600730,  中国高科,  1996-07-26,600730.SS
600731,  湖南海利,600731,  湖南海利,  1996-08-02,600731.SS
600732,  爱旭股份,600732,  爱旭股份,  1996-08-16,600732.SS
600733,  北汽蓝谷,600733,  北汽蓝谷,  1996-08-16,600733.SS
600734,  *ST实达,600734,  *ST实达,  1996-08-08,600734.SS
600735,  新华锦,600735,  新华锦,  1996-07-26,600735.SS
600736,  苏州高新,600736,  苏州高新,  1996-08-15,600736.SS
600737,  中粮糖业,600737,  中粮糖业,  1996-07-31,600737.SS
600738,  丽尚国潮,600738,  丽尚国潮,  1996-08-02,600738.SS
600739,  辽宁成大,600739,  辽宁成大,  1996-08-19,600739.SS
600740,  山西焦化,600740,  山西焦化,  1996-08-08,600740.SS
600741,  华域汽车,600741,  华域汽车,  1996-08-26,600741.SS
600742,  一汽富维,600742,  一汽富维,  1996-08-26,600742.SS
600743,  华远地产,600743,  华远地产,  1996-09-09,600743.SS
600744,  华银电力,600744,  华银电力,  1996-09-05,600744.SS
600745,  闻泰科技,600745,  闻泰科技,  1996-08-28,600745.SS
600746,  江苏索普,600746,  江苏索普,  1996-09-18,600746.SS
600748,  上实发展,600748,  上实发展,  1996-09-25,600748.SS
600749,  西藏旅游,600749,  西藏旅游,  1996-10-15,600749.SS
600750,  江中药业,600750,  江中药业,  1996-09-23,600750.SS
600751,  海航科技,600751,  海航科技,  1996-09-09,600751.SS
600753,  东方银星,600753,  东方银星,  1996-09-27,600753.SS
600754,  锦江酒店,600754,  锦江酒店,  1996-10-11,600754.SS
600755,  厦门国贸,600755,  厦门国贸,  1996-10-03,600755.SS
600756,  浪潮软件,600756,  浪潮软件,  1996-09-23,600756.SS
600757,  长江传媒,600757,  长江传媒,  1996-10-03,600757.SS
600758,  辽宁能源,600758,  辽宁能源,  1996-10-29,600758.SS
600759,  洲际油气,600759,  洲际油气,  1996-10-08,600759.SS
600760,  中航沈飞,600760,  中航沈飞,  1996-10-11,600760.SS
600761,  安徽合力,600761,  安徽合力,  1996-10-09,600761.SS
600763,  通策医疗,600763,  通策医疗,  1996-10-30,600763.SS
600764,  中国海防,600764,  中国海防,  1996-11-04,600764.SS
600765,  中航重机,600765,  中航重机,  1996-11-06,600765.SS
600766,  园城黄金,600766,  园城黄金,  1996-10-28,600766.SS
600767,  ST运盛,600767,  ST运盛,  1996-11-15,600767.SS
600768,  宁波富邦,600768,  宁波富邦,  1996-11-11,600768.SS
600769,  祥龙电业,600769,  祥龙电业,  1996-11-01,600769.SS
600770,  综艺股份,600770,  综艺股份,  1996-11-20,600770.SS
600771,  广誉远,600771,  广誉远,  1996-11-05,600771.SS
600773,  西藏城投,600773,  西藏城投,  1996-11-08,600773.SS
600774,  汉商集团,600774,  汉商集团,  1996-11-08,600774.SS
600775,  南京熊猫,600775,  南京熊猫,  1996-11-18,600775.SS
600776,  东方通信,600776,  东方通信,  1996-11-26,600776.SS
600777,  新潮能源,600777,  新潮能源,  1996-11-21,600777.SS
600778,  友好集团,600778,  友好集团,  1996-12-03,600778.SS
600779,  水井坊,600779,  水井坊,  1996-12-06,600779.SS
600780,  通宝能源,600780,  通宝能源,  1996-12-05,600780.SS
600781,  *ST辅仁,600781,  *ST辅仁,  1996-12-18,600781.SS
600782,  新钢股份,600782,  新钢股份,  1996-12-25,600782.SS
600783,  鲁信创投,600783,  鲁信创投,  1996-12-25,600783.SS
600784,  鲁银投资,600784,  鲁银投资,  1996-12-25,600784.SS
600785,  新华百货,600785,  新华百货,  1997-01-08,600785.SS
600787,  中储股份,600787,  中储股份,  1997-01-21,600787.SS
600789,  鲁抗医药,600789,  鲁抗医药,  1997-02-26,600789.SS
600790,  轻纺城,600790,  轻纺城,  1997-02-28,600790.SS
600791,  京能置业,600791,  京能置业,  1997-01-30,600791.SS
600792,  云煤能源,600792,  云煤能源,  1997-01-23,600792.SS
600793,  宜宾纸业,600793,  宜宾纸业,  1997-02-20,600793.SS
600794,  保税科技,600794,  保税科技,  1997-03-06,600794.SS
600795,  国电电力,600795,  国电电力,  1997-03-18,600795.SS
600796,  钱江生化,600796,  钱江生化,  1997-04-08,600796.SS
600797,  浙大网新,600797,  浙大网新,  1997-04-18,600797.SS
600798,  宁波海运,600798,  宁波海运,  1997-04-23,600798.SS
600800,  渤海化学,600800,  渤海化学,  1993-12-06,600800.SS
600801,  华新水泥,600801,  华新水泥,  1994-01-03,600801.SS
600802,  福建水泥,600802,  福建水泥,  1994-01-03,600802.SS
600803,  新奥股份,600803,  新奥股份,  1994-01-03,600803.SS
600804,  鹏博士,600804,  鹏博士,  1994-01-03,600804.SS
600805,  悦达投资,600805,  悦达投资,  1994-01-03,600805.SS
600807,  济南高新,600807,  济南高新,  1994-01-03,600807.SS
600808,  马钢股份,600808,  马钢股份,  1994-01-06,600808.SS
600809,  山西汾酒,600809,  山西汾酒,  1994-01-06,600809.SS
600810,  神马股份,600810,  神马股份,  1994-01-06,600810.SS
600811,  东方集团,600811,  东方集团,  1994-01-06,600811.SS
600812,  华北制药,600812,  华北制药,  1994-01-14,600812.SS
600814,  杭州解百,600814,  杭州解百,  1994-01-14,600814.SS
600815,  *ST厦工,600815,  *ST厦工,  1994-01-28,600815.SS
600816,  *ST安信,600816,  *ST安信,  1994-01-28,600816.SS
600817,  ST宏盛,600817,  ST宏盛,  1994-01-28,600817.SS
600818,  中路股份,600818,  中路股份,  1994-01-28,600818.SS
600819,  耀皮玻璃,600819,  耀皮玻璃,  1994-01-28,600819.SS
600820,  隧道股份,600820,  隧道股份,  1994-01-28,600820.SS
600821,  *ST劝业,600821,  *ST劝业,  1994-01-28,600821.SS
600822,  上海物贸,600822,  上海物贸,  1994-02-04,600822.SS
600823,  世茂股份,600823,  世茂股份,  1994-02-04,600823.SS
600824,  益民集团,600824,  益民集团,  1994-02-04,600824.SS
600825,  新华传媒,600825,  新华传媒,  1994-02-04,600825.SS
600826,  兰生股份,600826,  兰生股份,  1994-02-04,600826.SS
600827,  百联股份,600827,  百联股份,  1994-02-04,600827.SS
600828,  茂业商业,600828,  茂业商业,  1994-02-24,600828.SS
600829,  人民同泰,600829,  人民同泰,  1994-02-24,600829.SS
600830,  香溢融通,600830,  香溢融通,  1994-02-24,600830.SS
600831,  广电网络,600831,  广电网络,  1994-02-24,600831.SS
600833,  第一医药,600833,  第一医药,  1994-02-24,600833.SS
600834,  申通地铁,600834,  申通地铁,  1994-02-24,600834.SS
600835,  上海机电,600835,  上海机电,  1994-02-24,600835.SS
600836,  *ST界龙,600836,  *ST界龙,  1994-02-24,600836.SS
600837,  海通证券,600837,  海通证券,  1994-02-24,600837.SS
600838,  上海九百,600838,  上海九百,  1994-02-24,600838.SS
600839,  四川长虹,600839,  四川长虹,  1994-03-11,600839.SS
600841,  上柴股份,600841,  上柴股份,  1994-03-11,600841.SS
600843,  上工申贝,600843,  上工申贝,  1994-03-11,600843.SS
600844,  丹化科技,600844,  丹化科技,  1994-03-11,600844.SS
600845,  宝信软件,600845,  宝信软件,  1994-03-11,600845.SS
600846,  同济科技,600846,  同济科技,  1994-03-11,600846.SS
600847,  万里股份,600847,  万里股份,  1994-03-24,600847.SS
600848,  上海临港,600848,  上海临港,  1994-03-24,600848.SS
600850,  华东电脑,600850,  华东电脑,  1994-03-24,600850.SS
600851,  海欣股份,600851,  海欣股份,  1994-04-04,600851.SS
600853,  龙建股份,600853,  龙建股份,  1994-04-04,600853.SS
600854,  春兰股份,600854,  春兰股份,  1994-04-25,600854.SS
600855,  航天长峰,600855,  航天长峰,  1994-04-25,600855.SS
600856,  *ST中天,600856,  *ST中天,  1994-04-25,600856.SS
600857,  宁波中百,600857,  宁波中百,  1994-04-25,600857.SS
600858,  银座股份,600858,  银座股份,  1994-05-06,600858.SS
600859,  王府井,600859,  王府井,  1994-05-06,600859.SS
600860,  *ST京城,600860,  *ST京城,  1994-05-06,600860.SS
600861,  北京城乡,600861,  北京城乡,  1994-05-20,600861.SS
600862,  中航高科,600862,  中航高科,  1994-05-20,600862.SS
600863,  内蒙华电,600863,  内蒙华电,  1994-05-20,600863.SS
600864,  哈投股份,600864,  哈投股份,  1994-08-09,600864.SS
600865,  百大集团,600865,  百大集团,  1994-08-09,600865.SS
600866,  星湖科技,600866,  星湖科技,  1994-08-18,600866.SS
600867,  通化东宝,600867,  通化东宝,  1994-08-24,600867.SS
600868,  梅雁吉祥,600868,  梅雁吉祥,  1994-09-12,600868.SS
600869,  远东股份,600869,  远东股份,  1995-02-06,600869.SS
600870,  ST厦华,600870,  ST厦华,  1995-02-28,600870.SS
600871,  石化油服,600871,  石化油服,  1995-04-11,600871.SS
600872,  中炬高新,600872,  中炬高新,  1995-01-24,600872.SS
600873,  梅花生物,600873,  梅花生物,  1995-02-17,600873.SS
600874,  创业环保,600874,  创业环保,  1995-06-30,600874.SS
600875,  东方电气,600875,  东方电气,  1995-10-10,600875.SS
600876,  洛阳玻璃,600876,  洛阳玻璃,  1995-10-31,600876.SS
600877,  ST电能,600877,  ST电能,  1995-10-13,600877.SS
600879,  航天电子,600879,  航天电子,  1995-11-15,600879.SS
600880,  博瑞传播,600880,  博瑞传播,  1995-11-15,600880.SS
600881,  亚泰集团,600881,  亚泰集团,  1995-11-15,600881.SS
600882,  妙可蓝多,600882,  妙可蓝多,  1995-12-06,600882.SS
600883,  博闻科技,600883,  博闻科技,  1995-12-08,600883.SS
600884,  杉杉股份,600884,  杉杉股份,  1996-01-30,600884.SS
600885,  宏发股份,600885,  宏发股份,  1996-02-05,600885.SS
600886,  国投电力,600886,  国投电力,  1996-01-18,600886.SS
600887,  伊利股份,600887,  伊利股份,  1996-03-12,600887.SS
600888,  新疆众和,600888,  新疆众和,  1996-02-15,600888.SS
600889,  南京化纤,600889,  南京化纤,  1996-03-08,600889.SS
600890,  中房股份,600890,  中房股份,  1996-03-18,600890.SS
600892,  *ST大晟,600892,  *ST大晟,  1996-03-15,600892.SS
600893,  航发动力,600893,  航发动力,  1996-04-08,600893.SS
600894,  广日股份,600894,  广日股份,  1996-03-28,600894.SS
600895,  张江高科,600895,  张江高科,  1996-04-22,600895.SS
600896,  览海医疗,600896,  览海医疗,  1996-05-03,600896.SS
600897,  厦门空港,600897,  厦门空港,  1996-05-31,600897.SS
600898,  *ST美讯,600898,  *ST美讯,  1996-04-18,600898.SS
600900,  长江电力,600900,  长江电力,  2003-11-18,600900.SS
600901,  江苏租赁,600901,  江苏租赁,  2018-03-01,600901.SS
600903,  贵州燃气,600903,  贵州燃气,  2017-11-07,600903.SS
600908,  无锡银行,600908,  无锡银行,  2016-09-23,600908.SS
600909,  华安证券,600909,  华安证券,  2016-12-06,600909.SS
600916,  中国黄金,600916,  中国黄金,  2021-02-05,600916.SS
600917,  重庆燃气,600917,  重庆燃气,  2014-09-30,600917.SS
600918,  中泰证券,600918,  中泰证券,  2020-06-03,600918.SS
600919,  江苏银行,600919,  江苏银行,  2016-08-02,600919.SS
600926,  杭州银行,600926,  杭州银行,  2016-10-27,600926.SS
600928,  西安银行,600928,  西安银行,  2019-03-01,600928.SS
600929,  雪天盐业,600929,  雪天盐业,  2018-03-26,600929.SS
600933,  爱柯迪,600933,  爱柯迪,  2017-11-17,600933.SS
600936,  广西广电,600936,  广西广电,  2016-08-15,600936.SS
600939,  重庆建工,600939,  重庆建工,  2017-02-21,600939.SS
600956,  新天绿能,600956,  新天绿能,  2020-06-29,600956.SS
600958,  东方证券,600958,  东方证券,  2015-03-23,600958.SS
600959,  江苏有线,600959,  江苏有线,  2015-04-28,600959.SS
600960,  渤海汽车,600960,  渤海汽车,  2004-04-07,600960.SS
600961,  株冶集团,600961,  株冶集团,  2004-08-30,600961.SS
600962,  国投中鲁,600962,  国投中鲁,  2004-06-22,600962.SS
600963,  岳阳林纸,600963,  岳阳林纸,  2004-05-25,600963.SS
600965,  福成股份,600965,  福成股份,  2004-07-13,600965.SS
600966,  博汇纸业,600966,  博汇纸业,  2004-06-08,600966.SS
600967,  内蒙一机,600967,  内蒙一机,  2004-05-18,600967.SS
600968,  海油发展,600968,  海油发展,  2019-06-26,600968.SS
600969,  郴电国际,600969,  郴电国际,  2004-04-08,600969.SS
600970,  中材国际,600970,  中材国际,  2005-04-12,600970.SS
600971,  恒源煤电,600971,  恒源煤电,  2004-08-17,600971.SS
600973,  宝胜股份,600973,  宝胜股份,  2004-08-02,600973.SS
600975,  新五丰,600975,  新五丰,  2004-06-09,600975.SS
600976,  健民集团,600976,  健民集团,  2004-04-19,600976.SS
600977,  中国电影,600977,  中国电影,  2016-08-09,600977.SS
600978,  *ST宜生,600978,  *ST宜生,  2004-08-24,600978.SS
600979,  广安爱众,600979,  广安爱众,  2004-09-06,600979.SS
600980,  北矿科技,600980,  北矿科技,  2004-05-12,600980.SS
600981,  汇鸿集团,600981,  汇鸿集团,  2004-06-30,600981.SS
600982,  宁波能源,600982,  宁波能源,  2004-07-06,600982.SS
600983,  惠而浦,600983,  惠而浦,  2004-07-27,600983.SS
600984,  建设机械,600984,  建设机械,  2004-07-07,600984.SS
600985,  淮北矿业,600985,  淮北矿业,  2004-04-28,600985.SS
600986,  浙文互联,600986,  浙文互联,  2004-04-26,600986.SS
600987,  航民股份,600987,  航民股份,  2004-08-09,600987.SS
600988,  赤峰黄金,600988,  赤峰黄金,  2004-04-14,600988.SS
600989,  宝丰能源,600989,  宝丰能源,  2019-05-16,600989.SS
600990,  四创电子,600990,  四创电子,  2004-05-10,600990.SS
600992,  贵绳股份,600992,  贵绳股份,  2004-05-14,600992.SS
600993,  马应龙,600993,  马应龙,  2004-05-17,600993.SS
600995,  文山电力,600995,  文山电力,  2004-06-15,600995.SS
600996,  贵广网络,600996,  贵广网络,  2016-12-26,600996.SS
600997,  开滦股份,600997,  开滦股份,  2004-06-02,600997.SS
600998,  九州通,600998,  九州通,  2010-11-02,600998.SS
600999,  招商证券,600999,  招商证券,  2009-11-17,600999.SS
601000,  唐山港,601000,  唐山港,  2010-07-05,601000.SS
601001,  晋控煤业,601001,  晋控煤业,  2006-06-23,601001.SS
601002,  晋亿实业,601002,  晋亿实业,  2007-01-26,601002.SS
601003,  柳钢股份,601003,  柳钢股份,  2007-02-27,601003.SS
601005,  重庆钢铁,601005,  重庆钢铁,  2007-02-28,601005.SS
601006,  大秦铁路,601006,  大秦铁路,  2006-08-01,601006.SS
601007,  金陵饭店,601007,  金陵饭店,  2007-04-06,601007.SS
601008,  连云港,601008,  连云港,  2007-04-26,601008.SS
601009,  南京银行,601009,  南京银行,  2007-07-19,601009.SS
601010,  文峰股份,601010,  文峰股份,  2011-06-03,601010.SS
601011,  宝泰隆,601011,  宝泰隆,  2011-03-09,601011.SS
601012,  隆基股份,601012,  隆基股份,  2012-04-11,601012.SS
601015,  陕西黑猫,601015,  陕西黑猫,  2014-11-05,601015.SS
601016,  节能风电,601016,  节能风电,  2014-09-29,601016.SS
601018,  宁波港,601018,  宁波港,  2010-09-28,601018.SS
601019,  山东出版,601019,  山东出版,  2017-11-22,601019.SS
601020,  华钰矿业,601020,  华钰矿业,  2016-03-16,601020.SS
601021,  春秋航空,601021,  春秋航空,  2015-01-21,601021.SS
601028,  玉龙股份,601028,  玉龙股份,  2011-11-07,601028.SS
601038,  一拖股份,601038,  一拖股份,  2012-08-08,601038.SS
601058,  赛轮轮胎,601058,  赛轮轮胎,  2011-06-30,601058.SS
601066,  中信建投,601066,  中信建投,  2018-06-20,601066.SS
601068,  中铝国际,601068,  中铝国际,  2018-08-31,601068.SS
601069,  西部黄金,601069,  西部黄金,  2015-01-22,601069.SS
601077,  渝农商行,601077,  渝农商行,  2019-10-29,601077.SS
601086,  国芳集团,601086,  国芳集团,  2017-09-29,601086.SS
601088,  中国神华,601088,  中国神华,  2007-10-09,601088.SS
601098,  中南传媒,601098,  中南传媒,  2010-10-28,601098.SS
601099,  太平洋,601099,  太平洋,  2007-12-28,601099.SS
601100,  恒立液压,601100,  恒立液压,  2011-10-28,601100.SS
601101,  昊华能源,601101,  昊华能源,  2010-03-31,601101.SS
601106,  中国一重,601106,  中国一重,  2010-02-09,601106.SS
601107,  四川成渝,601107,  四川成渝,  2009-07-27,601107.SS
601108,  财通证券,601108,  财通证券,  2017-10-24,601108.SS
601111,  中国国航,601111,  中国国航,  2006-08-18,601111.SS
601113,  ST华鼎,601113,  ST华鼎,  2011-05-09,601113.SS
601116,  三江购物,601116,  三江购物,  2011-03-02,601116.SS
601117,  中国化学,601117,  中国化学,  2010-01-07,601117.SS
601118,  海南橡胶,601118,  海南橡胶,  2011-01-07,601118.SS
601126,  四方股份,601126,  四方股份,  2010-12-31,601126.SS
601127,  小康股份,601127,  小康股份,  2016-06-15,601127.SS
601128,  常熟银行,601128,  常熟银行,  2016-09-30,601128.SS
601137,  博威合金,601137,  博威合金,  2011-01-27,601137.SS
601138,  工业富联,601138,  工业富联,  2018-06-08,601138.SS
601139,  深圳燃气,601139,  深圳燃气,  2009-12-25,601139.SS
601155,  新城控股,601155,  新城控股,  2015-12-04,601155.SS
601158,  重庆水务,601158,  重庆水务,  2010-03-29,601158.SS
601162,  天风证券,601162,  天风证券,  2018-10-19,601162.SS
601163,  三角轮胎,601163,  三角轮胎,  2016-09-09,601163.SS
601166,  兴业银行,601166,  兴业银行,  2007-02-05,601166.SS
601168,  西部矿业,601168,  西部矿业,  2007-07-12,601168.SS
601169,  北京银行,601169,  北京银行,  2007-09-19,601169.SS
601177,  杭齿前进,601177,  杭齿前进,  2010-10-11,601177.SS
601179,  中国西电,601179,  中国西电,  2010-01-28,601179.SS
601186,  中国铁建,601186,  中国铁建,  2008-03-10,601186.SS
601187,  厦门银行,601187,  厦门银行,  2020-10-27,601187.SS
601188,  龙江交通,601188,  龙江交通,  2010-03-19,601188.SS
601198,  东兴证券,601198,  东兴证券,  2015-02-26,601198.SS
601199,  江南水务,601199,  江南水务,  2011-03-17,601199.SS
601200,  上海环境,601200,  上海环境,  2017-03-31,601200.SS
601208,  东材科技,601208,  东材科技,  2011-05-20,601208.SS
601211,  国泰君安,601211,  国泰君安,  2015-06-26,601211.SS
601212,  白银有色,601212,  白银有色,  2017-02-15,601212.SS
601216,  君正集团,601216,  君正集团,  2011-02-22,601216.SS
601218,  吉鑫科技,601218,  吉鑫科技,  2011-05-06,601218.SS
601222,  林洋能源,601222,  林洋能源,  2011-08-08,601222.SS
601225,  陕西煤业,601225,  陕西煤业,  2014-01-28,601225.SS
601226,  华电重工,601226,  华电重工,  2014-12-11,601226.SS
601228,  广州港,601228,  广州港,  2017-03-29,601228.SS
601229,  上海银行,601229,  上海银行,  2016-11-16,601229.SS
601231,  环旭电子,601231,  环旭电子,  2012-02-20,601231.SS
601233,  桐昆股份,601233,  桐昆股份,  2011-05-18,601233.SS
601236,  红塔证券,601236,  红塔证券,  2019-07-05,601236.SS
601238,  广汽集团,601238,  广汽集团,  2012-03-29,601238.SS
601258,  ST庞大,601258,  ST庞大,  2011-04-28,601258.SS
601288,  农业银行,601288,  农业银行,  2010-07-15,601288.SS
601298,  青岛港,601298,  青岛港,  2019-01-21,601298.SS
601311,  骆驼股份,601311,  骆驼股份,  2011-06-02,601311.SS
601318,  中国平安,601318,  中国平安,  2007-03-01,601318.SS
601319,  中国人保,601319,  中国人保,  2018-11-16,601319.SS
601326,  秦港股份,601326,  秦港股份,  2017-08-16,601326.SS
601328,  交通银行,601328,  交通银行,  2007-05-15,601328.SS
601330,  绿色动力,601330,  绿色动力,  2018-06-11,601330.SS
601333,  广深铁路,601333,  广深铁路,  2006-12-22,601333.SS
601336,  新华保险,601336,  新华保险,  2011-12-16,601336.SS
601339,  百隆东方,601339,  百隆东方,  2012-06-12,601339.SS
601360,  三六零,601360,  三六零,  2012-01-16,601360.SS
601366,  利群股份,601366,  利群股份,  2017-04-12,601366.SS
601368,  绿城水务,601368,  绿城水务,  2015-06-12,601368.SS
601369,  陕鼓动力,601369,  陕鼓动力,  2010-04-28,601369.SS
601375,  中原证券,601375,  中原证券,  2017-01-03,601375.SS
601377,  兴业证券,601377,  兴业证券,  2010-10-13,601377.SS
601388,  怡球资源,601388,  怡球资源,  2012-04-23,601388.SS
601390,  中国中铁,601390,  中国中铁,  2007-12-03,601390.SS
601398,  工商银行,601398,  工商银行,  2006-10-27,601398.SS
601399,  ST国重装,601399,  ST国重装,  2020-06-08,601399.SS
601456,  国联证券,601456,  国联证券,  2020-07-31,601456.SS
601500,  通用股份,601500,  通用股份,  2016-09-19,601500.SS
601512,  中新集团,601512,  中新集团,  2019-12-20,601512.SS
601515,  东风股份,601515,  东风股份,  2012-02-16,601515.SS
601518,  吉林高速,601518,  吉林高速,  2010-03-19,601518.SS
601519,  大智慧,601519,  大智慧,  2011-01-28,601519.SS
601555,  东吴证券,601555,  东吴证券,  2011-12-12,601555.SS
601566,  九牧王,601566,  九牧王,  2011-05-30,601566.SS
601567,  三星医疗,601567,  三星医疗,  2011-06-15,601567.SS
601568,  北元集团,601568,  北元集团,  2020-10-20,601568.SS
601577,  长沙银行,601577,  长沙银行,  2018-09-26,601577.SS
601579,  会稽山,601579,  会稽山,  2014-08-25,601579.SS
601588,  北辰实业,601588,  北辰实业,  2006-10-16,601588.SS
601595,  上海电影,601595,  上海电影,  2016-08-17,601595.SS
601598,  中国外运,601598,  中国外运,  2019-01-18,601598.SS
601599,  鹿港文化,601599,  鹿港文化,  2011-05-27,601599.SS
601600,  中国铝业,601600,  中国铝业,  2007-04-30,601600.SS
601601,  中国太保,601601,  中国太保,  2007-12-25,601601.SS
601606,  长城军工,601606,  长城军工,  2018-08-06,601606.SS
601607,  上海医药,601607,  上海医药,  1994-03-24,601607.SS
601608,  中信重工,601608,  中信重工,  2012-07-06,601608.SS
601609,  金田铜业,601609,  金田铜业,  2020-04-22,601609.SS
601611,  中国核建,601611,  中国核建,  2016-06-06,601611.SS
601615,  明阳智能,601615,  明阳智能,  2019-01-23,601615.SS
601616,  广电电气,601616,  广电电气,  2011-02-01,601616.SS
601618,  中国中冶,601618,  中国中冶,  2009-09-21,601618.SS
601619,  嘉泽新能,601619,  嘉泽新能,  2017-07-20,601619.SS
601628,  中国人寿,601628,  中国人寿,  2007-01-09,601628.SS
601633,  长城汽车,601633,  长城汽车,  2011-09-28,601633.SS
601636,  旗滨集团,601636,  旗滨集团,  2011-08-12,601636.SS
601658,  邮储银行,601658,  邮储银行,  2019-12-10,601658.SS
601666,  平煤股份,601666,  平煤股份,  2006-11-23,601666.SS
601668,  中国建筑,601668,  中国建筑,  2009-07-29,601668.SS
601669,  中国电建,601669,  中国电建,  2011-10-18,601669.SS
601677,  明泰铝业,601677,  明泰铝业,  2011-09-19,601677.SS
601678,  滨化股份,601678,  滨化股份,  2010-02-23,601678.SS
601686,  友发集团,601686,  友发集团,  2020-12-04,601686.SS
601688,  华泰证券,601688,  华泰证券,  2010-02-26,601688.SS
601689,  拓普集团,601689,  拓普集团,  2015-03-19,601689.SS
601696,  中银证券,601696,  中银证券,  2020-02-26,601696.SS
601698,  中国卫通,601698,  中国卫通,  2019-06-28,601698.SS
601699,  潞安环能,601699,  潞安环能,  2006-09-22,601699.SS
601700,  风范股份,601700,  风范股份,  2011-01-18,601700.SS
601702,  华峰铝业,601702,  华峰铝业,  2020-09-07,601702.SS
601717,  郑煤机,601717,  郑煤机,  2010-08-03,601717.SS
601718,  际华集团,601718,  际华集团,  2010-08-16,601718.SS
601727,  上海电气,601727,  上海电气,  2008-12-05,601727.SS
601766,  中国中车,601766,  中国中车,  2008-08-18,601766.SS
601777,  *ST力帆,601777,  *ST力帆,  2010-11-25,601777.SS
601778,  晶科科技,601778,  晶科科技,  2020-05-19,601778.SS
601788,  光大证券,601788,  光大证券,  2009-08-18,601788.SS
601789,  宁波建工,601789,  宁波建工,  2011-08-16,601789.SS
601798,  蓝科高新,601798,  蓝科高新,  2011-06-22,601798.SS
601799,  星宇股份,601799,  星宇股份,  2011-02-01,601799.SS
601800,  中国交建,601800,  中国交建,  2012-03-09,601800.SS
601801,  皖新传媒,601801,  皖新传媒,  2010-01-18,601801.SS
601808,  中海油服,601808,  中海油服,  2007-09-28,601808.SS
601811,  新华文轩,601811,  新华文轩,  2016-08-08,601811.SS
601816,  京沪高铁,601816,  京沪高铁,  2020-01-16,601816.SS
601818,  光大银行,601818,  光大银行,  2010-08-18,601818.SS
601827,  三峰环境,601827,  三峰环境,  2020-06-05,601827.SS
601828,  美凯龙,601828,  美凯龙,  2018-01-17,601828.SS
601838,  成都银行,601838,  成都银行,  2018-01-31,601838.SS
601857,  中国石油,601857,  中国石油,  2007-11-05,601857.SS
601858,  中国科传,601858,  中国科传,  2017-01-18,601858.SS
601860,  紫金银行,601860,  紫金银行,  2019-01-03,601860.SS
601865,  福莱特,601865,  福莱特,  2019-02-15,601865.SS
601866,  中远海发,601866,  中远海发,  2007-12-12,601866.SS
601869,  长飞光纤,601869,  长飞光纤,  2018-07-20,601869.SS
601872,  招商轮船,601872,  招商轮船,  2006-12-01,601872.SS
601877,  正泰电器,601877,  正泰电器,  2010-01-21,601877.SS
601878,  浙商证券,601878,  浙商证券,  2017-06-26,601878.SS
601880,  辽港股份,601880,  辽港股份,  2010-12-06,601880.SS
601881,  中国银河,601881,  中国银河,  2017-01-23,601881.SS
601882,  海天精工,601882,  海天精工,  2016-11-07,601882.SS
601886,  江河集团,601886,  江河集团,  2011-08-18,601886.SS
601888,  中国中免,601888,  中国中免,  2009-10-15,601888.SS
601890,  亚星锚链,601890,  亚星锚链,  2010-12-28,601890.SS
601898,  中煤能源,601898,  中煤能源,  2008-02-01,601898.SS
601899,  紫金矿业,601899,  紫金矿业,  2008-04-25,601899.SS
601900,  南方传媒,601900,  南方传媒,  2016-02-15,601900.SS
601901,  方正证券,601901,  方正证券,  2011-08-10,601901.SS
601908,  京运通,601908,  京运通,  2011-09-08,601908.SS
601916,  浙商银行,601916,  浙商银行,  2019-11-26,601916.SS
601918,  新集能源,601918,  新集能源,  2007-12-19,601918.SS
601919,  中远海控,601919,  中远海控,  2007-06-26,601919.SS
601928,  凤凰传媒,601928,  凤凰传媒,  2011-11-30,601928.SS
601929,  吉视传媒,601929,  吉视传媒,  2012-02-23,601929.SS
601933,  永辉超市,601933,  永辉超市,  2010-12-15,601933.SS
601939,  建设银行,601939,  建设银行,  2007-09-25,601939.SS
601949,  中国出版,601949,  中国出版,  2017-08-21,601949.SS
601952,  苏垦农发,601952,  苏垦农发,  2017-05-15,601952.SS
601956,  东贝集团,601956,  东贝集团,  2020-12-25,601956.SS
601958,  金钼股份,601958,  金钼股份,  2008-04-17,601958.SS
601963,  重庆银行,601963,  重庆银行,  2021-02-05,601963.SS
601965,  中国汽研,601965,  中国汽研,  2012-06-11,601965.SS
601966,  玲珑轮胎,601966,  玲珑轮胎,  2016-07-06,601966.SS
601968,  宝钢包装,601968,  宝钢包装,  2015-06-11,601968.SS
601969,  海南矿业,601969,  海南矿业,  2014-12-09,601969.SS
601975,  招商南油,601975,  招商南油,  2019-01-08,601975.SS
601985,  中国核电,601985,  中国核电,  2015-06-10,601985.SS
601988,  中国银行,601988,  中国银行,  2006-07-05,601988.SS
601989,  中国重工,601989,  中国重工,  2009-12-16,601989.SS
601990,  南京证券,601990,  南京证券,  2018-06-13,601990.SS
601991,  大唐发电,601991,  大唐发电,  2006-12-20,601991.SS
601992,  金隅集团,601992,  金隅集团,  2011-03-01,601992.SS
601995,  中金公司,601995,  中金公司,  2020-11-02,601995.SS
601996,  丰林集团,601996,  丰林集团,  2011-09-29,601996.SS
601997,  贵阳银行,601997,  贵阳银行,  2016-08-16,601997.SS
601998,  中信银行,601998,  中信银行,  2007-04-27,601998.SS
601999,  出版传媒,601999,  出版传媒,  2007-12-21,601999.SS
603000,  人民网,603000,  人民网,  2012-04-27,603000.SS
603001,  奥康国际,603001,  奥康国际,  2012-04-26,603001.SS
603002,  宏昌电子,603002,  宏昌电子,  2012-05-18,603002.SS
603003,  龙宇燃油,603003,  龙宇燃油,  2012-08-17,603003.SS
603005,  晶方科技,603005,  晶方科技,  2014-02-10,603005.SS
603006,  联明股份,603006,  联明股份,  2014-06-30,603006.SS
603007,  花王股份,603007,  花王股份,  2016-08-26,603007.SS
603008,  喜临门,603008,  喜临门,  2012-07-17,603008.SS
603009,  北特科技,603009,  北特科技,  2014-07-18,603009.SS
603010,  万盛股份,603010,  万盛股份,  2014-10-10,603010.SS
603011,  合锻智能,603011,  合锻智能,  2014-11-07,603011.SS
603012,  创力集团,603012,  创力集团,  2015-03-20,603012.SS
603013,  亚普股份,603013,  亚普股份,  2018-05-09,603013.SS
603015,  弘讯科技,603015,  弘讯科技,  2015-03-03,603015.SS
603016,  新宏泰,603016,  新宏泰,  2016-07-01,603016.SS
603017,  中衡设计,603017,  中衡设计,  2014-12-31,603017.SS
603018,  华设集团,603018,  华设集团,  2014-10-13,603018.SS
603019,  中科曙光,603019,  中科曙光,  2014-11-06,603019.SS
603020,  爱普股份,603020,  爱普股份,  2015-03-25,603020.SS
603021,  山东华鹏,603021,  山东华鹏,  2015-04-23,603021.SS
603022,  新通联,603022,  新通联,  2015-05-18,603022.SS
603023,  威帝股份,603023,  威帝股份,  2015-05-27,603023.SS
603025,  大豪科技,603025,  大豪科技,  2015-04-22,603025.SS
603026,  石大胜华,603026,  石大胜华,  2015-05-29,603026.SS
603027,  千禾味业,603027,  千禾味业,  2016-03-07,603027.SS
603028,  赛福天,603028,  赛福天,  2016-03-31,603028.SS
603029,  天鹅股份,603029,  天鹅股份,  2016-04-27,603029.SS
603030,  全筑股份,603030,  全筑股份,  2015-03-20,603030.SS
603031,  安德利,603031,  安德利,  2016-08-22,603031.SS
603032,  德新交运,603032,  德新交运,  2017-01-05,603032.SS
603033,  三维股份,603033,  三维股份,  2016-12-07,603033.SS
603035,  常熟汽饰,603035,  常熟汽饰,  2017-01-05,603035.SS
603036,  如通股份,603036,  如通股份,  2016-12-09,603036.SS
603037,  凯众股份,603037,  凯众股份,  2017-01-20,603037.SS
603038,  华立股份,603038,  华立股份,  2017-01-16,603038.SS
603039,  泛微网络,603039,  泛微网络,  2017-01-13,603039.SS
603040,  新坐标,603040,  新坐标,  2017-02-09,603040.SS
603041,  美思德,603041,  美思德,  2017-03-30,603041.SS
603042,  华脉科技,603042,  华脉科技,  2017-06-02,603042.SS
603043,  广州酒家,603043,  广州酒家,  2017-06-27,603043.SS
603045,  福达合金,603045,  福达合金,  2018-05-17,603045.SS
603050,  科林电气,603050,  科林电气,  2017-04-14,603050.SS
603053,  成都燃气,603053,  成都燃气,  2019-12-17,603053.SS
603055,  台华新材,603055,  台华新材,  2017-09-21,603055.SS
603056,  德邦股份,603056,  德邦股份,  2018-01-16,603056.SS
603058,  永吉股份,603058,  永吉股份,  2016-12-23,603058.SS
603059,  倍加洁,603059,  倍加洁,  2018-03-02,603059.SS
603060,  国检集团,603060,  国检集团,  2016-11-09,603060.SS
603063,  禾望电气,603063,  禾望电气,  2017-07-28,603063.SS
603066,  音飞储存,603066,  音飞储存,  2015-06-11,603066.SS
603067,  振华股份,603067,  振华股份,  2016-09-13,603067.SS
603068,  博通集成,603068,  博通集成,  2019-04-15,603068.SS
603069,  海汽集团,603069,  海汽集团,  2016-07-12,603069.SS
603076,  乐惠国际,603076,  乐惠国际,  2017-11-13,603076.SS
603077,  和邦生物,603077,  和邦生物,  2012-07-31,603077.SS
603078,  江化微,603078,  江化微,  2017-04-10,603078.SS
603079,  圣达生物,603079,  圣达生物,  2017-08-23,603079.SS
603080,  新疆火炬,603080,  新疆火炬,  2018-01-03,603080.SS
603081,  大丰实业,603081,  大丰实业,  2017-04-20,603081.SS
603083,  剑桥科技,603083,  剑桥科技,  2017-11-10,603083.SS
603085,  天成自控,603085,  天成自控,  2015-06-30,603085.SS
603086,  先达股份,603086,  先达股份,  2017-05-11,603086.SS
603087,  甘李药业,603087,  甘李药业,  2020-06-29,603087.SS
603088,  宁波精达,603088,  宁波精达,  2014-11-11,603088.SS
603089,  正裕工业,603089,  正裕工业,  2017-01-26,603089.SS
603090,  宏盛股份,603090,  宏盛股份,  2016-08-31,603090.SS
603093,  南华期货,603093,  南华期货,  2019-08-30,603093.SS
603095,  越剑智能,603095,  越剑智能,  2020-04-15,603095.SS
603096,  新经典,603096,  新经典,  2017-04-25,603096.SS
603098,  森特股份,603098,  森特股份,  2016-12-16,603098.SS
603099,  长白山,603099,  长白山,  2014-08-22,603099.SS
603100,  川仪股份,603100,  川仪股份,  2014-08-05,603100.SS
603101,  汇嘉时代,603101,  汇嘉时代,  2016-05-06,603101.SS
603103,  横店影视,603103,  横店影视,  2017-10-12,603103.SS
603105,  芯能科技,603105,  芯能科技,  2018-07-09,603105.SS
603106,  恒银科技,603106,  恒银科技,  2017-09-20,603106.SS
603108,  润达医疗,603108,  润达医疗,  2015-05-27,603108.SS
603109,  神驰机电,603109,  神驰机电,  2019-12-31,603109.SS
603110,  东方材料,603110,  东方材料,  2017-10-13,603110.SS
603111,  康尼机电,603111,  康尼机电,  2014-08-01,603111.SS
603112,  华翔股份,603112,  华翔股份,  2020-09-17,603112.SS
603113,  金能科技,603113,  金能科技,  2017-05-11,603113.SS
603115,  海星股份,603115,  海星股份,  2019-08-09,603115.SS
603116,  红蜻蜓,603116,  红蜻蜓,  2015-06-29,603116.SS
603117,  万林物流,603117,  万林物流,  2015-06-29,603117.SS
603118,  共进股份,603118,  共进股份,  2015-02-25,603118.SS
603121,  华培动力,603121,  华培动力,  2019-01-11,603121.SS
603123,  翠微股份,603123,  翠微股份,  2012-05-03,603123.SS
603126,  中材节能,603126,  中材节能,  2014-07-31,603126.SS
603127,  昭衍新药,603127,  昭衍新药,  2017-08-25,603127.SS
603128,  华贸物流,603128,  华贸物流,  2012-05-29,603128.SS
603129,  春风动力,603129,  春风动力,  2017-08-18,603129.SS
603131,  上海沪工,603131,  上海沪工,  2016-06-07,603131.SS
603133,  碳元科技,603133,  碳元科技,  2017-03-20,603133.SS
603136,  天目湖,603136,  天目湖,  2017-09-27,603136.SS
603138,  海量数据,603138,  海量数据,  2017-03-06,603138.SS
603139,  康惠制药,603139,  康惠制药,  2017-04-21,603139.SS
603155,  新亚强,603155,  新亚强,  2020-09-01,603155.SS
603156,  养元饮品,603156,  养元饮品,  2018-02-12,603156.SS
603157,  *ST拉夏,603157,  *ST拉夏,  2017-09-25,603157.SS
603158,  腾龙股份,603158,  腾龙股份,  2015-03-20,603158.SS
603159,  上海亚虹,603159,  上海亚虹,  2016-08-12,603159.SS
603160,  汇顶科技,603160,  汇顶科技,  2016-10-17,603160.SS
603161,  科华控股,603161,  科华控股,  2018-01-05,603161.SS
603165,  荣晟环保,603165,  荣晟环保,  2017-01-17,603165.SS
603166,  福达股份,603166,  福达股份,  2014-11-27,603166.SS
603167,  渤海轮渡,603167,  渤海轮渡,  2012-09-06,603167.SS
603168,  莎普爱思,603168,  莎普爱思,  2014-07-02,603168.SS
603169,  兰石重装,603169,  兰石重装,  2014-10-09,603169.SS
603177,  德创环保,603177,  德创环保,  2017-02-07,603177.SS
603178,  圣龙股份,603178,  圣龙股份,  2017-03-28,603178.SS
603179,  新泉股份,603179,  新泉股份,  2017-03-17,603179.SS
603180,  金牌厨柜,603180,  金牌厨柜,  2017-05-12,603180.SS
603181,  皇马科技,603181,  皇马科技,  2017-08-24,603181.SS
603183,  建研院,603183,  建研院,  2017-09-05,603183.SS
603185,  上机数控,603185,  上机数控,  2018-12-28,603185.SS
603186,  华正新材,603186,  华正新材,  2017-01-03,603186.SS
603187,  海容冷链,603187,  海容冷链,  2018-11-29,603187.SS
603188,  ST亚邦,603188,  ST亚邦,  2014-09-09,603188.SS
603189,  网达软件,603189,  网达软件,  2016-09-14,603189.SS
603192,  汇得科技,603192,  汇得科技,  2018-08-28,603192.SS
603195,  公牛集团,603195,  公牛集团,  2020-02-06,603195.SS
603196,  日播时尚,603196,  日播时尚,  2017-05-31,603196.SS
603197,  保隆科技,603197,  保隆科技,  2017-05-19,603197.SS
603198,  迎驾贡酒,603198,  迎驾贡酒,  2015-05-28,603198.SS
603199,  九华旅游,603199,  九华旅游,  2015-03-26,603199.SS
603200,  上海洗霸,603200,  上海洗霸,  2017-06-01,603200.SS
603203,  快克股份,603203,  快克股份,  2016-11-08,603203.SS
603208,  江山欧派,603208,  江山欧派,  2017-02-10,603208.SS
603212,  赛伍技术,603212,  赛伍技术,  2020-04-30,603212.SS
603214,  爱婴室,603214,  爱婴室,  2018-03-30,603214.SS
603217,  元利科技,603217,  元利科技,  2019-06-20,603217.SS
603218,  日月股份,603218,  日月股份,  2016-12-28,603218.SS
603220,  中贝通信,603220,  中贝通信,  2018-11-15,603220.SS
603221,  爱丽家居,603221,  爱丽家居,  2020-03-23,603221.SS
603222,  济民制药,603222,  济民制药,  2015-02-17,603222.SS
603223,  恒通股份,603223,  恒通股份,  2015-06-30,603223.SS
603225,  新凤鸣,603225,  新凤鸣,  2017-04-18,603225.SS
603226,  菲林格尔,603226,  菲林格尔,  2017-06-15,603226.SS
603227,  雪峰科技,603227,  雪峰科技,  2015-05-15,603227.SS
603228,  景旺电子,603228,  景旺电子,  2017-01-06,603228.SS
603229,  奥翔药业,603229,  奥翔药业,  2017-05-09,603229.SS
603232,  格尔软件,603232,  格尔软件,  2017-04-21,603232.SS
603233,  大参林,603233,  大参林,  2017-07-31,603233.SS
603236,  移远通信,603236,  移远通信,  2019-07-16,603236.SS
603238,  诺邦股份,603238,  诺邦股份,  2017-02-22,603238.SS
603239,  浙江仙通,603239,  浙江仙通,  2016-12-30,603239.SS
603256,  宏和科技,603256,  宏和科技,  2019-07-19,603256.SS
603258,  电魂网络,603258,  电魂网络,  2016-10-26,603258.SS
603259,  药明康德,603259,  药明康德,  2018-05-08,603259.SS
603260,  合盛硅业,603260,  合盛硅业,  2017-10-30,603260.SS
603266,  天龙股份,603266,  天龙股份,  2017-01-10,603266.SS
603267,  鸿远电子,603267,  鸿远电子,  2019-05-15,603267.SS
603268,  松发股份,603268,  松发股份,  2015-03-19,603268.SS
603269,  海鸥股份,603269,  海鸥股份,  2017-05-17,603269.SS
603277,  银都股份,603277,  银都股份,  2017-09-11,603277.SS
603278,  大业股份,603278,  大业股份,  2017-11-13,603278.SS
603279,  景津环保,603279,  景津环保,  2019-07-29,603279.SS
603283,  赛腾股份,603283,  赛腾股份,  2017-12-25,603283.SS
603286,  日盈电子,603286,  日盈电子,  2017-06-27,603286.SS
603288,  海天味业,603288,  海天味业,  2014-02-11,603288.SS
603289,  泰瑞机器,603289,  泰瑞机器,  2017-10-31,603289.SS
603290,  斯达半导,603290,  斯达半导,  2020-02-04,603290.SS
603297,  永新光学,603297,  永新光学,  2018-09-10,603297.SS
603298,  杭叉集团,603298,  杭叉集团,  2016-12-27,603298.SS
603299,  苏盐井神,603299,  苏盐井神,  2015-12-31,603299.SS
603300,  华铁应急,603300,  华铁应急,  2015-05-29,603300.SS
603301,  振德医疗,603301,  振德医疗,  2018-04-12,603301.SS
603303,  得邦照明,603303,  得邦照明,  2017-03-30,603303.SS
603305,  旭升股份,603305,  旭升股份,  2017-07-10,603305.SS
603306,  华懋科技,603306,  华懋科技,  2014-09-26,603306.SS
603308,  应流股份,603308,  应流股份,  2014-01-22,603308.SS
603309,  维力医疗,603309,  维力医疗,  2015-03-02,603309.SS
603311,  金海高科,603311,  金海高科,  2015-05-18,603311.SS
603313,  梦百合,603313,  梦百合,  2016-10-13,603313.SS
603315,  福鞍股份,603315,  福鞍股份,  2015-04-24,603315.SS
603316,  诚邦股份,603316,  诚邦股份,  2017-06-19,603316.SS
603317,  天味食品,603317,  天味食品,  2019-04-16,603317.SS
603318,  派思股份,603318,  派思股份,  2015-04-24,603318.SS
603319,  湘油泵,603319,  湘油泵,  2016-11-30,603319.SS
603320,  迪贝电气,603320,  迪贝电气,  2017-05-02,603320.SS
603321,  梅轮电梯,603321,  梅轮电梯,  2017-09-15,603321.SS
603322,  超讯通信,603322,  超讯通信,  2016-07-28,603322.SS
603323,  苏农银行,603323,  苏农银行,  2016-11-29,603323.SS
603326,  我乐家居,603326,  我乐家居,  2017-06-16,603326.SS
603327,  福蓉科技,603327,  福蓉科技,  2019-05-23,603327.SS
603328,  依顿电子,603328,  依顿电子,  2014-07-01,603328.SS
603329,  上海雅仕,603329,  上海雅仕,  2017-12-29,603329.SS
603330,  上海天洋,603330,  上海天洋,  2017-02-13,603330.SS
603331,  百达精工,603331,  百达精工,  2017-07-05,603331.SS
603332,  苏州龙杰,603332,  苏州龙杰,  2019-01-17,603332.SS
603333,  尚纬股份,603333,  尚纬股份,  2012-05-07,603333.SS
603335,  迪生力,603335,  迪生力,  2017-06-20,603335.SS
603336,  宏辉果蔬,603336,  宏辉果蔬,  2016-11-24,603336.SS
603337,  杰克股份,603337,  杰克股份,  2017-01-19,603337.SS
603338,  浙江鼎力,603338,  浙江鼎力,  2015-03-25,603338.SS
603339,  四方科技,603339,  四方科技,  2016-05-19,603339.SS
603345,  安井食品,603345,  安井食品,  2017-02-22,603345.SS
603348,  文灿股份,603348,  文灿股份,  2018-04-26,603348.SS
603351,  威尔药业,603351,  威尔药业,  2019-01-30,603351.SS
603353,  和顺石油,603353,  和顺石油,  2020-04-07,603353.SS
603355,  莱克电气,603355,  莱克电气,  2015-05-13,603355.SS
603356,  华菱精工,603356,  华菱精工,  2018-01-24,603356.SS
603357,  设计总院,603357,  设计总院,  2017-08-01,603357.SS
603358,  华达科技,603358,  华达科技,  2017-01-25,603358.SS
603359,  东珠生态,603359,  东珠生态,  2017-09-01,603359.SS
603360,  百傲化学,603360,  百傲化学,  2017-02-06,603360.SS
603363,  傲农生物,603363,  傲农生物,  2017-09-26,603363.SS
603365,  水星家纺,603365,  水星家纺,  2017-11-20,603365.SS
603366,  日出东方,603366,  日出东方,  2012-05-21,603366.SS
603367,  辰欣药业,603367,  辰欣药业,  2017-09-29,603367.SS
603368,  柳药股份,603368,  柳药股份,  2014-12-04,603368.SS
603369,  今世缘,603369,  今世缘,  2014-07-03,603369.SS
603377,  东方时尚,603377,  东方时尚,  2016-02-05,603377.SS
603378,  亚士创能,603378,  亚士创能,  2017-09-28,603378.SS
603379,  三美股份,603379,  三美股份,  2019-04-02,603379.SS
603380,  易德龙,603380,  易德龙,  2017-06-22,603380.SS
603383,  顶点软件,603383,  顶点软件,  2017-05-22,603383.SS
603385,  惠达卫浴,603385,  惠达卫浴,  2017-04-05,603385.SS
603386,  广东骏亚,603386,  广东骏亚,  2017-09-12,603386.SS
603387,  基蛋生物,603387,  基蛋生物,  2017-07-17,603387.SS
603388,  元成股份,603388,  元成股份,  2017-03-24,603388.SS
603389,  *ST亚振,603389,  *ST亚振,  2016-12-15,603389.SS
603390,  通达电气,603390,  通达电气,  2019-11-25,603390.SS
603392,  万泰生物,603392,  万泰生物,  2020-04-29,603392.SS
603393,  新天然气,603393,  新天然气,  2016-09-12,603393.SS
603396,  金辰股份,603396,  金辰股份,  2017-10-18,603396.SS
603398,  邦宝益智,603398,  邦宝益智,  2015-12-09,603398.SS
603399,  吉翔股份,603399,  吉翔股份,  2012-08-24,603399.SS
603408,  建霖家居,603408,  建霖家居,  2020-07-30,603408.SS
603416,  信捷电气,603416,  信捷电气,  2016-12-21,603416.SS
603421,  鼎信通讯,603421,  鼎信通讯,  2016-10-11,603421.SS
603429,  集友股份,603429,  集友股份,  2017-01-24,603429.SS
603439,  贵州三力,603439,  贵州三力,  2020-04-28,603439.SS
603444,  吉比特,603444,  吉比特,  2017-01-04,603444.SS
603456,  九洲药业,603456,  九洲药业,  2014-10-10,603456.SS
603458,  勘设股份,603458,  勘设股份,  2017-08-09,603458.SS
603466,  风语筑,603466,  风语筑,  2017-10-20,603466.SS
603477,  巨星农牧,603477,  巨星农牧,  2017-12-18,603477.SS
603486,  科沃斯,603486,  科沃斯,  2018-05-28,603486.SS
603488,  展鹏科技,603488,  展鹏科技,  2017-05-16,603488.SS
603489,  八方股份,603489,  八方股份,  2019-11-11,603489.SS
603496,  恒为科技,603496,  恒为科技,  2017-06-07,603496.SS
603499,  翔港科技,603499,  翔港科技,  2017-10-16,603499.SS
603500,  祥和实业,603500,  祥和实业,  2017-09-04,603500.SS
603501,  韦尔股份,603501,  韦尔股份,  2017-05-04,603501.SS
603505,  金石资源,603505,  金石资源,  2017-05-03,603505.SS
603506,  南都物业,603506,  南都物业,  2018-02-01,603506.SS
603507,  振江股份,603507,  振江股份,  2017-11-06,603507.SS
603508,  思维列控,603508,  思维列控,  2015-12-24,603508.SS
603515,  欧普照明,603515,  欧普照明,  2016-08-19,603515.SS
603516,  淳中科技,603516,  淳中科技,  2018-02-02,603516.SS
603517,  绝味食品,603517,  绝味食品,  2017-03-17,603517.SS
603518,  锦泓集团,603518,  锦泓集团,  2014-12-03,603518.SS
603519,  立霸股份,603519,  立霸股份,  2015-03-19,603519.SS
603520,  司太立,603520,  司太立,  2016-03-09,603520.SS
603527,  众源新材,603527,  众源新材,  2017-09-07,603527.SS
603528,  多伦科技,603528,  多伦科技,  2016-05-03,603528.SS
603530,  神马电力,603530,  神马电力,  2019-08-05,603530.SS
603533,  掌阅科技,603533,  掌阅科技,  2017-09-21,603533.SS
603535,  嘉诚国际,603535,  嘉诚国际,  2017-08-08,603535.SS
603536,  惠发食品,603536,  惠发食品,  2017-06-13,603536.SS
603538,  美诺华,603538,  美诺华,  2017-04-07,603538.SS
603551,  奥普家居,603551,  奥普家居,  2020-01-15,603551.SS
603555,  *ST贵人,603555,  *ST贵人,  2014-01-24,603555.SS
603556,  海兴电力,603556,  海兴电力,  2016-11-10,603556.SS
603557,  起步股份,603557,  起步股份,  2017-08-18,603557.SS
603558,  健盛集团,603558,  健盛集团,  2015-01-27,603558.SS
603559,  中通国脉,603559,  中通国脉,  2016-12-02,603559.SS
603565,  中谷物流,603565,  中谷物流,  2020-09-25,603565.SS
603566,  普莱柯,603566,  普莱柯,  2015-05-18,603566.SS
603567,  珍宝岛,603567,  珍宝岛,  2015-04-24,603567.SS
603568,  伟明环保,603568,  伟明环保,  2015-05-28,603568.SS
603569,  长久物流,603569,  长久物流,  2016-08-10,603569.SS
603577,  汇金通,603577,  汇金通,  2016-12-22,603577.SS
603578,  三星新材,603578,  三星新材,  2017-03-06,603578.SS
603579,  荣泰健康,603579,  荣泰健康,  2017-01-11,603579.SS
603580,  艾艾精工,603580,  艾艾精工,  2017-05-25,603580.SS
603583,  捷昌驱动,603583,  捷昌驱动,  2018-09-21,603583.SS
603585,  苏利股份,603585,  苏利股份,  2016-12-14,603585.SS
603586,  金麒麟,603586,  金麒麟,  2017-04-06,603586.SS
603587,  地素时尚,603587,  地素时尚,  2018-06-22,603587.SS
603588,  高能环境,603588,  高能环境,  2014-12-29,603588.SS
603589,  口子窖,603589,  口子窖,  2015-06-29,603589.SS
603590,  康辰药业,603590,  康辰药业,  2018-08-27,603590.SS
603595,  东尼电子,603595,  东尼电子,  2017-07-12,603595.SS
603596,  伯特利,603596,  伯特利  ,  2018-04-27,603596.SS
603598,  引力传媒,603598,  引力传媒,  2015-05-27,603598.SS
603599,  广信股份,603599,  广信股份,  2015-05-13,603599.SS
603600,  永艺股份,603600,  永艺股份,  2015-01-23,603600.SS
603601,  再升科技,603601,  再升科技,  2015-01-22,603601.SS
603602,  纵横通信,603602,  纵横通信,  2017-08-10,603602.SS
603603,  博天环境,603603,  博天环境,  2017-02-17,603603.SS
603605,  珀莱雅,603605,  珀莱雅,  2017-11-15,603605.SS
603606,  东方电缆,603606,  东方电缆,  2014-10-15,603606.SS
603607,  京华激光,603607,  京华激光,  2017-10-25,603607.SS
603608,  天创时尚,603608,  天创时尚,  2016-02-18,603608.SS
603609,  禾丰牧业,603609,  禾丰牧业,  2014-08-08,603609.SS
603610,  麒盛科技,603610,  麒盛科技,  2019-10-29,603610.SS
603611,  诺力股份,603611,  诺力股份,  2015-01-28,603611.SS
603612,  索通发展,603612,  索通发展,  2017-07-18,603612.SS
603613,  国联股份,603613,  国联股份,  2019-07-30,603613.SS
603615,  茶花股份,603615,  茶花股份,  2017-02-13,603615.SS
603616,  韩建河山,603616,  韩建河山,  2015-06-11,603616.SS
603617,  君禾股份,603617,  君禾股份,  2017-07-03,603617.SS
603618,  杭电股份,603618,  杭电股份,  2015-02-17,603618.SS
603619,  中曼石油,603619,  中曼石油,  2017-11-17,603619.SS
603626,  科森科技,603626,  科森科技,  2017-02-09,603626.SS
603628,  清源股份,603628,  清源股份,  2017-01-12,603628.SS
603629,  利通电子,603629,  利通电子,  2018-12-24,603629.SS
603630,  拉芳家化,603630,  拉芳家化,  2017-03-13,603630.SS
603633,  徕木股份,603633,  徕木股份,  2016-11-17,603633.SS
603636,  南威软件,603636,  南威软件,  2014-12-30,603636.SS
603637,  镇海股份,603637,  镇海股份,  2017-02-08,603637.SS
603638,  艾迪精密,603638,  艾迪精密,  2017-01-20,603638.SS
603639,  海利尔,603639,  海利尔,  2017-01-12,603639.SS
603648,  畅联股份,603648,  畅联股份,  2017-09-13,603648.SS
603650,  彤程新材,603650,  彤程新材,  2018-06-27,603650.SS
603655,  朗博科技,603655,  朗博科技,  2017-12-29,603655.SS
603656,  泰禾智能,603656,  泰禾智能,  2017-03-21,603656.SS
603657,  春光科技,603657,  春光科技,  2018-07-30,603657.SS
603658,  安图生物,603658,  安图生物,  2016-09-01,603658.SS
603659,  璞泰来,603659,  璞泰来,  2017-11-03,603659.SS
603660,  苏州科达,603660,  苏州科达,  2016-12-01,603660.SS
603661,  恒林股份,603661,  恒林股份,  2017-11-21,603661.SS
603662,  柯力传感,603662,  柯力传感,  2019-08-06,603662.SS
603663,  三祥新材,603663,  三祥新材,  2016-08-01,603663.SS
603665,  康隆达,603665,  康隆达,  2017-03-13,603665.SS
603666,  亿嘉和,603666,  亿嘉和,  2018-06-12,603666.SS
603667,  五洲新春,603667,  五洲新春,  2016-10-25,603667.SS
603668,  天马科技,603668,  天马科技,  2017-01-17,603668.SS
603669,  灵康药业,603669,  灵康药业,  2015-05-28,603669.SS
603676,  卫信康,603676,  卫信康,  2017-07-21,603676.SS
603677,  奇精机械,603677,  奇精机械,  2017-02-06,603677.SS
603678,  火炬电子,603678,  火炬电子,  2015-01-26,603678.SS
603679,  华体科技,603679,  华体科技,  2017-06-21,603679.SS
603680,  今创集团,603680,  今创集团,  2018-02-27,603680.SS
603681,  永冠新材,603681,  永冠新材,  2019-03-26,603681.SS
603682,  锦和商业,603682,  锦和商业,  2020-04-21,603682.SS
603683,  晶华新材,603683,  晶华新材,  2017-10-20,603683.SS
603685,  晨丰科技,603685,  晨丰科技,  2017-11-27,603685.SS
603686,  龙马环卫,603686,  龙马环卫,  2015-01-26,603686.SS
603687,  大胜达,603687,  大胜达,  2019-07-26,603687.SS
603688,  石英股份,603688,  石英股份,  2014-10-31,603688.SS
603689,  皖天然气,603689,  皖天然气,  2017-01-10,603689.SS
603690,  至纯科技,603690,  至纯科技,  2017-01-13,603690.SS
603693,  江苏新能,603693,  江苏新能,  2018-07-03,603693.SS
603696,  安记食品,603696,  安记食品,  2015-12-09,603696.SS
603697,  有友食品,603697,  有友食品,  2019-05-08,603697.SS
603698,  航天工程,603698,  航天工程,  2015-01-28,603698.SS
603699,  纽威股份,603699,  纽威股份,  2014-01-17,603699.SS
603700,  宁水集团,603700,  宁水集团,  2019-01-22,603700.SS
603701,  德宏股份,603701,  德宏股份,  2016-04-12,603701.SS
603703,  盛洋科技,603703,  盛洋科技,  2015-04-23,603703.SS
603706,  东方环宇,603706,  东方环宇,  2018-07-09,603706.SS
603707,  健友股份,603707,  健友股份,  2017-07-19,603707.SS
603708,  家家悦,603708,  家家悦,  2016-12-13,603708.SS
603709,  中源家居,603709,  中源家居,  2018-02-08,603709.SS
603711,  香飘飘,603711,  香飘飘,  2017-11-30,603711.SS
603712,  七一二,603712,  七一二,  2018-02-26,603712.SS
603713,  密尔克卫,603713,  密尔克卫,  2018-07-13,603713.SS
603716,  塞力医疗,603716,  塞力医疗,  2016-10-31,603716.SS
603717,  天域生态,603717,  天域生态,  2017-03-27,603717.SS
603718,  海利生物,603718,  海利生物,  2015-05-15,603718.SS
603719,  良品铺子,603719,  良品铺子,  2020-02-24,603719.SS
603721,  中广天择,603721,  中广天择,  2017-08-11,603721.SS
603722,  阿科力,603722,  阿科力,  2017-10-25,603722.SS
603725,  天安新材,603725,  天安新材,  2017-09-06,603725.SS
603726,  朗迪集团,603726,  朗迪集团,  2016-04-21,603726.SS
603727,  博迈科,603727,  博迈科,  2016-11-22,603727.SS
603728,  鸣志电器,603728,  鸣志电器,  2017-05-09,603728.SS
603729,  龙韵股份,603729,  龙韵股份,  2015-03-24,603729.SS
603730,  岱美股份,603730,  岱美股份,  2017-07-28,603730.SS
603733,  仙鹤股份,603733,  仙鹤股份,  2018-04-20,603733.SS
603737,  三棵树,603737,  三棵树,  2016-06-03,603737.SS
603738,  泰晶科技,603738,  泰晶科技,  2016-09-28,603738.SS
603739,  蔚蓝生物,603739,  蔚蓝生物,  2019-01-16,603739.SS
603755,  日辰股份,603755,  日辰股份,  2019-08-28,603755.SS
603757,  大元泵业,603757,  大元泵业,  2017-07-11,603757.SS
603758,  秦安股份,603758,  秦安股份,  2017-05-17,603758.SS
603766,  隆鑫通用,603766,  隆鑫通用,  2012-08-10,603766.SS
603767,  中马传动,603767,  中马传动,  2017-06-13,603767.SS
603768,  常青股份,603768,  常青股份,  2017-03-24,603768.SS
603773,  沃格光电,603773,  沃格光电,  2018-04-17,603773.SS
603776,  永安行,603776,  永安行,  2017-08-17,603776.SS
603777,  来伊份,603777,  来伊份,  2016-10-12,603777.SS
603778,  乾景园林,603778,  乾景园林,  2015-12-31,603778.SS
603779,  ST威龙,603779,  ST威龙,  2016-05-16,603779.SS
603786,  科博达,603786,  科博达,  2019-10-15,603786.SS
603787,  新日股份,603787,  新日股份,  2017-04-27,603787.SS
603788,  宁波高发,603788,  宁波高发,  2015-01-20,603788.SS
603789,  星光农机,603789,  星光农机,  2015-04-27,603789.SS
603790,  雅运股份,603790,  雅运股份,  2018-09-12,603790.SS
603797,  联泰环保,603797,  联泰环保,  2017-04-13,603797.SS
603798,  康普顿,603798,  康普顿,  2016-04-06,603798.SS
603799,  华友钴业,603799,  华友钴业,  2015-01-29,603799.SS
603800,  道森股份,603800,  道森股份,  2015-12-10,603800.SS
603801,  志邦家居,603801,  志邦家居,  2017-06-30,603801.SS
603803,  瑞斯康达,603803,  瑞斯康达,  2017-04-20,603803.SS
603806,  福斯特,603806,  福斯特,  2014-09-05,603806.SS
603808,  歌力思,603808,  歌力思,  2015-04-22,603808.SS
603809,  豪能股份,603809,  豪能股份,  2017-11-28,603809.SS
603810,  丰山集团,603810,  丰山集团,  2018-09-17,603810.SS
603811,  诚意药业,603811,  诚意药业,  2017-03-15,603811.SS
603813,  原尚股份,603813,  原尚股份,  2017-09-18,603813.SS
603815,  交建股份,603815,  交建股份,  2019-10-21,603815.SS
603816,  顾家家居,603816,  顾家家居,  2016-10-14,603816.SS
603817,  海峡环保,603817,  海峡环保,  2017-02-20,603817.SS
603818,  曲美家居,603818,  曲美家居,  2015-04-22,603818.SS
603819,  神力股份,603819,  神力股份,  2016-11-25,603819.SS
603822,  嘉澳环保,603822,  嘉澳环保,  2016-04-28,603822.SS
603823,  百合花,603823,  百合花,  2016-12-20,603823.SS
603825,  华扬联众,603825,  华扬联众,  2017-08-02,603825.SS
603826,  坤彩科技,603826,  坤彩科技,  2017-04-14,603826.SS
603828,  柯利达,603828,  柯利达,  2015-02-26,603828.SS
603829,  洛凯股份,603829,  洛凯股份,  2017-10-17,603829.SS
603833,  欧派家居,603833,  欧派家居,  2017-03-28,603833.SS
603838,  四通股份,603838,  四通股份,  2015-07-01,603838.SS
603839,  安正时尚,603839,  安正时尚,  2017-02-14,603839.SS
603843,  正平股份,603843,  正平股份,  2016-09-05,603843.SS
603848,  好太太,603848,  好太太,  2017-12-01,603848.SS
603855,  华荣股份,603855,  华荣股份,  2017-05-24,603855.SS
603856,  东宏股份,603856,  东宏股份,  2017-11-06,603856.SS
603858,  步长制药,603858,  步长制药,  2016-11-18,603858.SS
603859,  能科股份,603859,  能科股份,  2016-10-21,603859.SS
603860,  中公高科,603860,  中公高科,  2017-08-02,603860.SS
603861,  白云电器,603861,  白云电器,  2016-03-22,603861.SS
603863,  松炀资源,603863,  松炀资源,  2019-06-21,603863.SS
603866,  桃李面包,603866,  桃李面包,  2015-12-22,603866.SS
603867,  新化股份,603867,  新化股份,  2019-06-27,603867.SS
603868,  飞科电器,603868,  飞科电器,  2016-04-18,603868.SS
603869,  新智认知,603869,  新智认知,  2015-03-26,603869.SS
603871,  嘉友国际,603871,  嘉友国际,  2018-02-06,603871.SS
603876,  鼎胜新材,603876,  鼎胜新材,  2018-04-18,603876.SS
603877,  太平鸟,603877,  太平鸟,  2017-01-09,603877.SS
603878,  武进不锈,603878,  武进不锈,  2016-12-19,603878.SS
603879,  永悦科技,603879,  永悦科技,  2017-06-14,603879.SS
603880,  南卫股份,603880,  南卫股份,  2017-08-07,603880.SS
603881,  数据港,603881,  数据港,  2017-02-08,603881.SS
603882,  金域医学,603882,  金域医学,  2017-09-08,603882.SS
603883,  老百姓,603883,  老百姓,  2015-04-23,603883.SS
603885,  吉祥航空,603885,  吉祥航空,  2015-05-27,603885.SS
603886,  元祖股份,603886,  元祖股份,  2016-12-28,603886.SS
603887,  城地香江,603887,  城地香江,  2016-10-10,603887.SS
603888,  新华网,603888,  新华网,  2016-10-28,603888.SS
603889,  新澳股份,603889,  新澳股份,  2014-12-31,603889.SS
603890,  春秋电子,603890,  春秋电子,  2017-12-12,603890.SS
603893,  瑞芯微,603893,  瑞芯微,  2020-02-07,603893.SS
603895,  天永智能,603895,  天永智能,  2018-01-22,603895.SS
603896,  寿仙谷,603896,  寿仙谷,  2017-05-10,603896.SS
603897,  长城科技,603897,  长城科技,  2018-04-10,603897.SS
603898,  好莱客,603898,  好莱客,  2015-02-17,603898.SS
603899,  晨光文具,603899,  晨光文具,  2015-01-27,603899.SS
603900,  莱绅通灵,603900,  莱绅通灵,  2016-11-23,603900.SS
603901,  永创智能,603901,  永创智能,  2015-05-29,603901.SS
603903,  中持股份,603903,  中持股份,  2017-03-14,603903.SS
603906,  龙蟠科技,603906,  龙蟠科技,  2017-04-10,603906.SS
603908,  牧高笛,603908,  牧高笛,  2017-03-07,603908.SS
603909,  合诚股份,603909,  合诚股份,  2016-06-28,603909.SS
603912,  佳力图,603912,  佳力图,  2017-11-01,603912.SS
603915,  国茂股份,603915,  国茂股份,  2019-06-14,603915.SS
603916,  苏博特,603916,  苏博特,  2017-11-10,603916.SS
603917,  合力科技,603917,  合力科技,  2017-12-04,603917.SS
603918,  金桥信息,603918,  金桥信息,  2015-05-28,603918.SS
603919,  金徽酒,603919,  金徽酒,  2016-03-10,603919.SS
603920,  世运电路,603920,  世运电路,  2017-04-26,603920.SS
603922,  金鸿顺,603922,  金鸿顺,  2017-10-23,603922.SS
603926,  铁流股份,603926,  铁流股份,  2017-05-10,603926.SS
603927,  中科软,603927,  中科软,  2019-09-09,603927.SS
603928,  兴业股份,603928,  兴业股份,  2016-12-12,603928.SS
603929,  亚翔集成,603929,  亚翔集成,  2016-12-30,603929.SS
603931,  格林达,603931,  格林达,  2020-08-19,603931.SS
603933,  睿能科技,603933,  睿能科技,  2017-07-06,603933.SS
603936,  博敏电子,603936,  博敏电子,  2015-12-09,603936.SS
603937,  丽岛新材,603937,  丽岛新材,  2017-11-02,603937.SS
603938,  三孚股份,603938,  三孚股份,  2017-06-28,603938.SS
603939,  益丰药房,603939,  益丰药房,  2015-02-17,603939.SS
603948,  建业股份,603948,  建业股份,  2020-03-02,603948.SS
603949,  雪龙集团,603949,  雪龙集团,  2020-03-10,603949.SS
603950,  长源东谷,603950,  长源东谷,  2020-05-26,603950.SS
603955,  大千生态,603955,  大千生态,  2017-03-10,603955.SS
603956,  威派格,603956,  威派格,  2019-02-22,603956.SS
603958,  哈森股份,603958,  哈森股份,  2016-06-29,603958.SS
603959,  百利科技,603959,  百利科技,  2016-05-17,603959.SS
603960,  克来机电,603960,  克来机电,  2017-03-14,603960.SS
603963,  大理药业,603963,  大理药业,  2017-09-22,603963.SS
603966,  法兰泰克,603966,  法兰泰克,  2017-01-25,603966.SS
603967,  中创物流,603967,  中创物流,  2019-04-29,603967.SS
603968,  醋化股份,603968,  醋化股份,  2015-05-18,603968.SS
603969,  银龙股份,603969,  银龙股份,  2015-02-27,603969.SS
603970,  中农立华,603970,  中农立华,  2017-11-16,603970.SS
603976,  正川股份,603976,  正川股份,  2017-08-22,603976.SS
603977,  国泰集团,603977,  国泰集团,  2016-11-11,603977.SS
603978,  深圳新星,603978,  深圳新星,  2017-08-07,603978.SS
603979,  金诚信,603979,  金诚信,  2015-06-30,603979.SS
603980,  吉华集团,603980,  吉华集团,  2017-06-15,603980.SS
603982,  泉峰汽车,603982,  泉峰汽车,  2019-05-22,603982.SS
603983,  丸美股份,603983,  丸美股份,  2019-07-25,603983.SS
603985,  恒润股份,603985,  恒润股份,  2017-05-05,603985.SS
603986,  兆易创新,603986,  兆易创新,  2016-08-18,603986.SS
603987,  康德莱,603987,  康德莱,  2016-11-21,603987.SS
603988,  中电电机,603988,  中电电机,  2014-11-04,603988.SS
603989,  艾华集团,603989,  艾华集团,  2015-05-15,603989.SS
603990,  麦迪科技,603990,  麦迪科技,  2016-12-08,603990.SS
603991,  至正股份,603991,  至正股份,  2017-03-08,603991.SS
603992,  松霖科技,603992,  松霖科技,  2019-08-26,603992.SS
603993,  洛阳钼业,603993,  洛阳钼业,  2012-10-09,603993.SS
603995,  甬金股份,603995,  甬金股份,  2019-12-24,603995.SS
603996,  *ST中新,603996,  *ST中新,  2015-12-22,603996.SS
603997,  继峰股份,603997,  继峰股份,  2015-03-02,603997.SS
603998,  方盛制药,603998,  方盛制药,  2014-12-05,603998.SS
603999,  读者传媒,603999,  读者传媒,  2015-12-10,603999.SS
605001,  威奥股份,605001,  威奥股份,  2020-05-22,605001.SS
605003,  众望布艺,605003,  众望布艺,  2020-09-08,605003.SS
605005,  合兴股份,605005,  合兴股份,  2021-01-19,605005.SS
605006,  山东玻纤,605006,  山东玻纤,  2020-09-03,605006.SS
605007,  五洲特纸,605007,  五洲特纸,  2020-11-10,605007.SS
605008,  长鸿高科,605008,  长鸿高科,  2020-08-21,605008.SS
605009,  豪悦护理,605009,  豪悦护理,  2020-09-11,605009.SS
605018,  长华股份,605018,  长华股份,  2020-09-29,605018.SS
605050,  福然德,605050,  福然德,  2020-09-24,605050.SS
605055,  迎丰股份,605055,  迎丰股份,  2021-01-29,605055.SS
605058,  澳弘电子,605058,  澳弘电子,  2020-10-21,605058.SS
605066,  天正电气,605066,  天正电气,  2020-08-07,605066.SS
605068,  明新旭腾,605068,  明新旭腾,  2020-11-23,605068.SS
605077,  华康股份,605077,  华康股份,  2021-02-09,605077.SS
605081,  太和水,605081,  太和水,  2021-02-09,605081.SS
605088,  冠盛股份,605088,  冠盛股份,  2020-08-17,605088.SS
605099,  共创草坪,605099,  共创草坪,  2020-09-30,605099.SS
605100,  华丰股份,605100,  华丰股份,  2020-08-11,605100.SS
605108,  同庆楼,605108,  同庆楼,  2020-07-16,605108.SS
605111,  新洁能,605111,  新洁能,  2020-09-28,605111.SS
605116,  奥锐特,605116,  奥锐特,  2020-09-21,605116.SS
605118,  力鼎光电,605118,  力鼎光电,  2020-07-30,605118.SS
605123,  派克新材,605123,  派克新材,  2020-08-25,605123.SS
605128,  上海沿浦,605128,  上海沿浦,  2020-09-15,605128.SS
605133,  嵘泰股份,605133,  嵘泰股份,  2021-02-24,605133.SS
605136,  丽人丽妆,605136,  丽人丽妆,  2020-09-29,605136.SS
605151,  西上海,605151,  西上海,  2020-12-15,605151.SS
605155,  西大门,605155,  西大门,  2020-12-31,605155.SS
605158,  华达新材,605158,  华达新材,  2020-08-05,605158.SS
605166,  聚合顺,605166,  聚合顺,  2020-06-18,605166.SS
605168,  三人行,605168,  三人行,  2020-05-28,605168.SS
605169,  洪通燃气,605169,  洪通燃气,  2020-10-30,605169.SS
605177,  东亚药业,605177,  东亚药业,  2020-11-25,605177.SS
605178,  时空科技,605178,  时空科技,  2020-08-21,605178.SS
605179,  一鸣食品,605179,  一鸣食品,  2020-12-28,605179.SS
605183,  确成股份,605183,  确成股份,  2020-12-07,605183.SS
605186,  健麾信息,605186,  健麾信息,  2020-12-22,605186.SS
605188,  国光连锁,605188,  国光连锁,  2020-07-28,605188.SS
605198,  德利股份,605198,  德利股份,  2020-09-18,605198.SS
605199,  葫芦娃,605199,  葫芦娃,  2020-07-10,605199.SS
605218,  伟时电子,605218,  伟时电子,  2020-09-28,605218.SS
605222,  起帆电缆,605222,  起帆电缆,  2020-07-31,605222.SS
605228,  神通科技,605228,  神通科技,  2021-01-20,605228.SS
605255,  天普股份,605255,  天普股份,  2020-08-25,605255.SS
605258,  协和电子,605258,  协和电子,  2020-12-03,605258.SS
605266,  健之佳,605266,  健之佳,  2020-12-01,605266.SS
605268,  王力安防,605268,  王力安防,  2021-02-24,605268.SS
605277,  新亚电子,605277,  新亚电子,  2021-01-06,605277.SS
605288,  凯迪股份,605288,  凯迪股份,  2020-06-01,605288.SS
605299,  舒华体育,605299,  舒华体育,  2020-12-15,605299.SS
605318,  法狮龙,605318,  法狮龙,  2020-08-03,605318.SS
605333,  沪光股份,605333,  沪光股份,  2020-08-18,605333.SS
605336,  帅丰电器,605336,  帅丰电器,  2020-10-19,605336.SS
605337,  李子园,605337,  李子园,  2021-02-08,605337.SS
605338,  巴比食品,605338,  巴比食品,  2020-10-12,605338.SS
605358,  立昂微,605358,  立昂微,  2020-09-11,605358.SS
605366,  宏柏新材,605366,  宏柏新材,  2020-08-12,605366.SS
605368,  蓝天燃气,605368,  蓝天燃气,  2021-01-29,605368.SS
605369,  拱东医疗,605369,  拱东医疗,  2020-09-16,605369.SS
605376,  博迁新材,605376,  博迁新材,  2020-12-08,605376.SS
605377,  华旺科技,605377,  华旺科技,  2020-12-28,605377.SS
605388,  均瑶健康,605388,  均瑶健康,  2020-08-18,605388.SS
605398,  新炬网络,605398,  新炬网络,  2021-01-21,605398.SS
605399,  晨光新材,605399,  晨光新材,  2020-08-04,605399.SS
605500,  森林包装,605500,  森林包装,  2020-12-22,605500.SS
