{"600000.SS": "SS", "600004.SS": "SS", "600006.SS": "SS", "600007.SS": "SS", "600008.SS": "SS", "600009.SS": "SS", "600010.SS": "SS", "600011.SS": "SS", "600012.SS": "SS", "600015.SS": "SS", "600016.SS": "SS", "600017.SS": "SS", "600018.SS": "SS", "600019.SS": "SS", "600020.SS": "SS", "600021.SS": "SS", "600022.SS": "SS", "600023.SS": "SS", "600025.SS": "SS", "600026.SS": "SS", "600027.SS": "SS", "600028.SS": "SS", "600029.SS": "SS", "600030.SS": "SS", "600031.SS": "SS", "600033.SS": "SS", "600035.SS": "SS", "600036.SS": "SS", "600037.SS": "SS", "600038.SS": "SS", "600039.SS": "SS", "600048.SS": "SS", "600050.SS": "SS", "600051.SS": "SS", "600052.SS": "SS", "600053.SS": "SS", "600054.SS": "SS", "600055.SS": "SS", "600056.SS": "SS", "600057.SS": "SS", "600058.SS": "SS", "600059.SS": "SS", "600060.SS": "SS", "600061.SS": "SS", "600062.SS": "SS", "600063.SS": "SS", "600064.SS": "SS", "600066.SS": "SS", "600067.SS": "SS", "600068.SS": "SS", "600070.SS": "SS", "600071.SS": "SS", "600072.SS": "SS", "600073.SS": "SS", "600075.SS": "SS", "600076.SS": "SS", "600077.SS": "SS", "600078.SS": "SS", "600079.SS": "SS", "600080.SS": "SS", "600081.SS": "SS", "600082.SS": "SS", "600083.SS": "SS", "600084.SS": "SS", "600085.SS": "SS", "600086.SS": "SS", "600088.SS": "SS", "600089.SS": "SS", "600090.SS": "SS", "600091.SS": "SS", "600093.SS": "SS", "600094.SS": "SS", "600095.SS": "SS", "600096.SS": "SS", "600097.SS": "SS", "600098.SS": "SS", "600099.SS": "SS", "600100.SS": "SS", "600101.SS": "SS", "600103.SS": "SS", "600104.SS": "SS", "600105.SS": "SS", "600106.SS": "SS", "600107.SS": "SS", "600108.SS": "SS", "600109.SS": "SS", "600110.SS": "SS", "600111.SS": "SS", "600112.SS": "SS", "600113.SS": "SS", "600114.SS": "SS", "600115.SS": "SS", "600116.SS": "SS", "600117.SS": "SS", "600118.SS": "SS", "600119.SS": "SS", "600120.SS": "SS", "600121.SS": "SS", "600122.SS": "SS", "600123.SS": "SS", "600125.SS": "SS", "600126.SS": "SS", "600127.SS": "SS", "600128.SS": "SS", "600129.SS": "SS", "600130.SS": "SS", "600131.SS": "SS", "600132.SS": "SS", "600133.SS": "SS", "600135.SS": "SS", "600136.SS": "SS", "600137.SS": "SS", "600138.SS": "SS", "600139.SS": "SS", "600141.SS": "SS", "600143.SS": "SS", "600145.SS": "SS", "600146.SS": "SS", "600148.SS": "SS", "600149.SS": "SS", "600150.SS": "SS", "600151.SS": "SS", "600152.SS": "SS", "600153.SS": "SS", "600155.SS": "SS", "600156.SS": "SS", "600157.SS": "SS", "600158.SS": "SS", "600159.SS": "SS", "600160.SS": "SS", "600161.SS": "SS", "600162.SS": "SS", "600163.SS": "SS", "600165.SS": "SS", "600166.SS": "SS", "600167.SS": "SS", "600168.SS": "SS", "600169.SS": "SS", "600170.SS": "SS", "600171.SS": "SS", "600172.SS": "SS", "600173.SS": "SS", "600176.SS": "SS", "600177.SS": "SS", "600178.SS": "SS", "600179.SS": "SS", "600180.SS": "SS", "600182.SS": "SS", "600183.SS": "SS", "600184.SS": "SS", "600185.SS": "SS", "600186.SS": "SS", "600187.SS": "SS", "600188.SS": "SS", "600189.SS": "SS", "600190.SS": "SS", "600191.SS": "SS", "600192.SS": "SS", "600193.SS": "SS", "600195.SS": "SS", "600196.SS": "SS", "600197.SS": "SS", "600198.SS": "SS", "600199.SS": "SS", "600200.SS": "SS", "600201.SS": "SS", "600202.SS": "SS", "600203.SS": "SS", "600206.SS": "SS", "600207.SS": "SS", "600208.SS": "SS", "600209.SS": "SS", "600210.SS": "SS", "600211.SS": "SS", "600212.SS": "SS", "600213.SS": "SS", "600215.SS": "SS", "600216.SS": "SS", "600217.SS": "SS", "600218.SS": "SS", "600219.SS": "SS", "600220.SS": "SS", "600221.SS": "SS", "600222.SS": "SS", "600223.SS": "SS", "600225.SS": "SS", "600226.SS": "SS", "600227.SS": "SS", "600228.SS": "SS", "600229.SS": "SS", "600230.SS": "SS", "600231.SS": "SS", "600232.SS": "SS", "600233.SS": "SS", "600234.SS": "SS", "600235.SS": "SS", "600236.SS": "SS", "600237.SS": "SS", "600238.SS": "SS", "600239.SS": "SS", "600241.SS": "SS", "600242.SS": "SS", "600243.SS": "SS", "600246.SS": "SS", "600247.SS": "SS", "600248.SS": "SS", "600249.SS": "SS", "600250.SS": "SS", "600251.SS": "SS", "600252.SS": "SS", "600255.SS": "SS", "600256.SS": "SS", "600257.SS": "SS", "600258.SS": "SS", "600259.SS": "SS", "600260.SS": "SS", "600261.SS": "SS", "600262.SS": "SS", "600265.SS": "SS", "600266.SS": "SS", "600267.SS": "SS", "600268.SS": "SS", "600269.SS": "SS", "600271.SS": "SS", "600272.SS": "SS", "600273.SS": "SS", "600275.SS": "SS", "600276.SS": "SS", "600277.SS": "SS", "600278.SS": "SS", "600279.SS": "SS", "600280.SS": "SS", "600281.SS": "SS", "600282.SS": "SS", "600283.SS": "SS", "600284.SS": "SS", "600285.SS": "SS", "600287.SS": "SS", "600288.SS": "SS", "600289.SS": "SS", "600290.SS": "SS", "600291.SS": "SS", "600292.SS": "SS", "600293.SS": "SS", "600295.SS": "SS", "600297.SS": "SS", "600298.SS": "SS", "600299.SS": "SS", "600300.SS": "SS", "600301.SS": "SS", "600302.SS": "SS", "600303.SS": "SS", "600305.SS": "SS", "600306.SS": "SS", "600307.SS": "SS", "600308.SS": "SS", "600309.SS": "SS", "600310.SS": "SS", "600311.SS": "SS", "600312.SS": "SS", "600313.SS": "SS", "600315.SS": "SS", "600316.SS": "SS", "600318.SS": "SS", "600319.SS": "SS", "600320.SS": "SS", "600321.SS": "SS", "600322.SS": "SS", "600323.SS": "SS", "600325.SS": "SS", "600326.SS": "SS", "600327.SS": "SS", "600328.SS": "SS", "600329.SS": "SS", "600330.SS": "SS", "600331.SS": "SS", "600332.SS": "SS", "600333.SS": "SS", "600335.SS": "SS", "600336.SS": "SS", "600337.SS": "SS", "600338.SS": "SS", "600339.SS": "SS", "600340.SS": "SS", "600343.SS": "SS", "600345.SS": "SS", "600346.SS": "SS", "600348.SS": "SS", "600350.SS": "SS", "600351.SS": "SS", "600352.SS": "SS", "600353.SS": "SS", "600354.SS": "SS", "600355.SS": "SS", "600356.SS": "SS", "600358.SS": "SS", "600359.SS": "SS", "600360.SS": "SS", "600361.SS": "SS", "600362.SS": "SS", "600363.SS": "SS", "600365.SS": "SS", "600366.SS": "SS", "600367.SS": "SS", "600368.SS": "SS", "600369.SS": "SS", "600370.SS": "SS", "600371.SS": "SS", "600372.SS": "SS", "600373.SS": "SS", "600375.SS": "SS", "600376.SS": "SS", "600377.SS": "SS", "600378.SS": "SS", "600379.SS": "SS", "600380.SS": "SS", "600381.SS": "SS", "600382.SS": "SS", "600383.SS": "SS", "600385.SS": "SS", "600386.SS": "SS", "600387.SS": "SS", "600388.SS": "SS", "600389.SS": "SS", "600390.SS": "SS", "600391.SS": "SS", "600392.SS": "SS", "600393.SS": "SS", "600395.SS": "SS", "600396.SS": "SS", "600397.SS": "SS", "600398.SS": "SS", "600399.SS": "SS", "600400.SS": "SS", "600403.SS": "SS", "600405.SS": "SS", "600406.SS": "SS", "600408.SS": "SS", "600409.SS": "SS", "600410.SS": "SS", "600415.SS": "SS", "600416.SS": "SS", "600418.SS": "SS", "600419.SS": "SS", "600420.SS": "SS", "600421.SS": "SS", "600422.SS": "SS", "600423.SS": "SS", "600425.SS": "SS", "600426.SS": "SS", "600428.SS": "SS", "600429.SS": "SS", "600433.SS": "SS", "600435.SS": "SS", "600436.SS": "SS", "600438.SS": "SS", "600439.SS": "SS", "600444.SS": "SS", "600446.SS": "SS", "600448.SS": "SS", "600449.SS": "SS", "600452.SS": "SS", "600455.SS": "SS", "600456.SS": "SS", "600458.SS": "SS", "600459.SS": "SS", "600460.SS": "SS", "600461.SS": "SS", "600462.SS": "SS", "600463.SS": "SS", "600466.SS": "SS", "600467.SS": "SS", "600468.SS": "SS", "600469.SS": "SS", "600470.SS": "SS", "600475.SS": "SS", "600476.SS": "SS", "600477.SS": "SS", "600478.SS": "SS", "600479.SS": "SS", "600480.SS": "SS", "600481.SS": "SS", "600482.SS": "SS", "600483.SS": "SS", "600486.SS": "SS", "600487.SS": "SS", "600488.SS": "SS", "600489.SS": "SS", "600490.SS": "SS", "600491.SS": "SS", "600493.SS": "SS", "600495.SS": "SS", "600496.SS": "SS", "600497.SS": "SS", "600498.SS": "SS", "600499.SS": "SS", "600500.SS": "SS", "600501.SS": "SS", "600502.SS": "SS", "600503.SS": "SS", "600505.SS": "SS", "600506.SS": "SS", "600507.SS": "SS", "600508.SS": "SS", "600509.SS": "SS", "600510.SS": "SS", "600511.SS": "SS", "600512.SS": "SS", "600513.SS": "SS", "600515.SS": "SS", "600516.SS": "SS", "600517.SS": "SS", "600518.SS": "SS", "600519.SS": "SS", "600520.SS": "SS", "600521.SS": "SS", "600522.SS": "SS", "600523.SS": "SS", "600525.SS": "SS", "600526.SS": "SS", "600527.SS": "SS", "600528.SS": "SS", "600529.SS": "SS", "600530.SS": "SS", "600531.SS": "SS", "600532.SS": "SS", "600533.SS": "SS", "600535.SS": "SS", "600536.SS": "SS", "600537.SS": "SS", "600538.SS": "SS", "600539.SS": "SS", "600540.SS": "SS", "600543.SS": "SS", "600545.SS": "SS", "600546.SS": "SS", "600547.SS": "SS", "600548.SS": "SS", "600549.SS": "SS", "600550.SS": "SS", "600551.SS": "SS", "600552.SS": "SS", "600555.SS": "SS", "600556.SS": "SS", "600557.SS": "SS", "600558.SS": "SS", "600559.SS": "SS", "600560.SS": "SS", "600561.SS": "SS", "600562.SS": "SS", "600563.SS": "SS", "600565.SS": "SS", "600566.SS": "SS", "600567.SS": "SS", "600568.SS": "SS", "600569.SS": "SS", "600570.SS": "SS", "600571.SS": "SS", "600572.SS": "SS", "600573.SS": "SS", "600575.SS": "SS", "600576.SS": "SS", "600577.SS": "SS", "600578.SS": "SS", "600579.SS": "SS", "600580.SS": "SS", "600581.SS": "SS", "600582.SS": "SS", "600583.SS": "SS", "600584.SS": "SS", "600585.SS": "SS", "600586.SS": "SS", "600587.SS": "SS", "600588.SS": "SS", "600589.SS": "SS", "600590.SS": "SS", "600592.SS": "SS", "600593.SS": "SS", "600594.SS": "SS", "600595.SS": "SS", "600596.SS": "SS", "600597.SS": "SS", "600598.SS": "SS", "600599.SS": "SS", "600600.SS": "SS", "600601.SS": "SS", "600602.SS": "SS", "600603.SS": "SS", "600604.SS": "SS", "600605.SS": "SS", "600606.SS": "SS", "600608.SS": "SS", "600609.SS": "SS", "600610.SS": "SS", "600611.SS": "SS", "600612.SS": "SS", "600613.SS": "SS", "600615.SS": "SS", "600616.SS": "SS", "600617.SS": "SS", "600618.SS": "SS", "600619.SS": "SS", "600620.SS": "SS", "600621.SS": "SS", "600622.SS": "SS", "600623.SS": "SS", "600624.SS": "SS", "600626.SS": "SS", "600628.SS": "SS", "600629.SS": "SS", "600630.SS": "SS", "600633.SS": "SS", "600635.SS": "SS", "600636.SS": "SS", "600637.SS": "SS", "600638.SS": "SS", "600639.SS": "SS", "600640.SS": "SS", "600641.SS": "SS", "600642.SS": "SS", "600643.SS": "SS", "600644.SS": "SS", "600645.SS": "SS", "600647.SS": "SS", "600648.SS": "SS", "600649.SS": "SS", "600650.SS": "SS", "600651.SS": "SS", "600652.SS": "SS", "600653.SS": "SS", "600654.SS": "SS", "600655.SS": "SS", "600657.SS": "SS", "600658.SS": "SS", "600660.SS": "SS", "600661.SS": "SS", "600662.SS": "SS", "600663.SS": "SS", "600664.SS": "SS", "600665.SS": "SS", "600666.SS": "SS", "600667.SS": "SS", "600668.SS": "SS", "600671.SS": "SS", "600673.SS": "SS", "600674.SS": "SS", "600675.SS": "SS", "600676.SS": "SS", "600678.SS": "SS", "600679.SS": "SS", "600681.SS": "SS", "600682.SS": "SS", "600683.SS": "SS", "600684.SS": "SS", "600685.SS": "SS", "600686.SS": "SS", "600687.SS": "SS", "600688.SS": "SS", "600689.SS": "SS", "600690.SS": "SS", "600691.SS": "SS", "600692.SS": "SS", "600693.SS": "SS", "600694.SS": "SS", "600695.SS": "SS", "600696.SS": "SS", "600697.SS": "SS", "600698.SS": "SS", "600699.SS": "SS", "600702.SS": "SS", "600703.SS": "SS", "600704.SS": "SS", "600705.SS": "SS", "600706.SS": "SS", "600707.SS": "SS", "600708.SS": "SS", "600710.SS": "SS", "600711.SS": "SS", "600712.SS": "SS", "600713.SS": "SS", "600714.SS": "SS", "600715.SS": "SS", "600716.SS": "SS", "600717.SS": "SS", "600718.SS": "SS", "600719.SS": "SS", "600720.SS": "SS", "600721.SS": "SS", "600722.SS": "SS", "600723.SS": "SS", "600724.SS": "SS", "600725.SS": "SS", "600726.SS": "SS", "600727.SS": "SS", "600728.SS": "SS", "600729.SS": "SS", "600730.SS": "SS", "600731.SS": "SS", "600732.SS": "SS", "600733.SS": "SS", "600734.SS": "SS", "600735.SS": "SS", "600736.SS": "SS", "600737.SS": "SS", "600738.SS": "SS", "600739.SS": "SS", "600740.SS": "SS", "600741.SS": "SS", "600742.SS": "SS", "600743.SS": "SS", "600744.SS": "SS", "600745.SS": "SS", "600746.SS": "SS", "600748.SS": "SS", "600749.SS": "SS", "600750.SS": "SS", "600751.SS": "SS", "600753.SS": "SS", "600754.SS": "SS", "600755.SS": "SS", "600756.SS": "SS", "600757.SS": "SS", "600758.SS": "SS", "600759.SS": "SS", "600760.SS": "SS", "600761.SS": "SS", "600763.SS": "SS", "600764.SS": "SS", "600765.SS": "SS", "600766.SS": "SS", "600767.SS": "SS", "600768.SS": "SS", "600769.SS": "SS", "600770.SS": "SS", "600771.SS": "SS", "600773.SS": "SS", "600774.SS": "SS", "600775.SS": "SS", "600776.SS": "SS", "600777.SS": "SS", "600778.SS": "SS", "600779.SS": "SS", "600780.SS": "SS", "600781.SS": "SS", "600782.SS": "SS", "600783.SS": "SS", "600784.SS": "SS", "600785.SS": "SS", "600787.SS": "SS", "600789.SS": "SS", "600790.SS": "SS", "600791.SS": "SS", "600792.SS": "SS", "600793.SS": "SS", "600794.SS": "SS", "600795.SS": "SS", "600796.SS": "SS", "600797.SS": "SS", "600798.SS": "SS", "600800.SS": "SS", "600801.SS": "SS", "600802.SS": "SS", "600803.SS": "SS", "600804.SS": "SS", "600805.SS": "SS", "600807.SS": "SS", "600808.SS": "SS", "600809.SS": "SS", "600810.SS": "SS", "600811.SS": "SS", "600812.SS": "SS", "600814.SS": "SS", "600815.SS": "SS", "600816.SS": "SS", "600817.SS": "SS", "600818.SS": "SS", "600819.SS": "SS", "600820.SS": "SS", "600821.SS": "SS", "600822.SS": "SS", "600823.SS": "SS", "600824.SS": "SS", "600825.SS": "SS", "600826.SS": "SS", "600827.SS": "SS", "600828.SS": "SS", "600829.SS": "SS", "600830.SS": "SS", "600831.SS": "SS", "600833.SS": "SS", "600834.SS": "SS", "600835.SS": "SS", "600836.SS": "SS", "600837.SS": "SS", "600838.SS": "SS", "600839.SS": "SS", "600841.SS": "SS", "600843.SS": "SS", "600844.SS": "SS", "600845.SS": "SS", "600846.SS": "SS", "600847.SS": "SS", "600848.SS": "SS", "600850.SS": "SS", "600851.SS": "SS", "600853.SS": "SS", "600854.SS": "SS", "600855.SS": "SS", "600856.SS": "SS", "600857.SS": "SS", "600858.SS": "SS", "600859.SS": "SS", "600860.SS": "SS", "600861.SS": "SS", "600862.SS": "SS", "600863.SS": "SS", "600864.SS": "SS", "600865.SS": "SS", "600866.SS": "SS", "600867.SS": "SS", "600868.SS": "SS", "600869.SS": "SS", "600870.SS": "SS", "600871.SS": "SS", "600872.SS": "SS", "600873.SS": "SS", "600874.SS": "SS", "600875.SS": "SS", "600876.SS": "SS", "600877.SS": "SS", "600879.SS": "SS", "600880.SS": "SS", "600881.SS": "SS", "600882.SS": "SS", "600883.SS": "SS", "600884.SS": "SS", "600885.SS": "SS", "600886.SS": "SS", "600887.SS": "SS", "600888.SS": "SS", "600889.SS": "SS", "600890.SS": "SS", "600892.SS": "SS", "600893.SS": "SS", "600894.SS": "SS", "600895.SS": "SS", "600896.SS": "SS", "600897.SS": "SS", "600898.SS": "SS", "600900.SS": "SS", "600901.SS": "SS", "600903.SS": "SS", "600908.SS": "SS", "600909.SS": "SS", "600916.SS": "SS", "600917.SS": "SS", "600918.SS": "SS", "600919.SS": "SS", "600926.SS": "SS", "600928.SS": "SS", "600929.SS": "SS", "600933.SS": "SS", "600936.SS": "SS", "600939.SS": "SS", "600956.SS": "SS", "600958.SS": "SS", "600959.SS": "SS", "600960.SS": "SS", "600961.SS": "SS", "600962.SS": "SS", "600963.SS": "SS", "600965.SS": "SS", "600966.SS": "SS", "600967.SS": "SS", "600968.SS": "SS", "600969.SS": "SS", "600970.SS": "SS", "600971.SS": "SS", "600973.SS": "SS", "600975.SS": "SS", "600976.SS": "SS", "600977.SS": "SS", "600978.SS": "SS", "600979.SS": "SS", "600980.SS": "SS", "600981.SS": "SS", "600982.SS": "SS", "600983.SS": "SS", "600984.SS": "SS", "600985.SS": "SS", "600986.SS": "SS", "600987.SS": "SS", "600988.SS": "SS", "600989.SS": "SS", "600990.SS": "SS", "600992.SS": "SS", "600993.SS": "SS", "600995.SS": "SS", "600996.SS": "SS", "600997.SS": "SS", "600998.SS": "SS", "600999.SS": "SS", "601000.SS": "SS", "601001.SS": "SS", "601002.SS": "SS", "601003.SS": "SS", "601005.SS": "SS", "601006.SS": "SS", "601007.SS": "SS", "601008.SS": "SS", "601009.SS": "SS", "601010.SS": "SS", "601011.SS": "SS", "601012.SS": "SS", "601015.SS": "SS", "601016.SS": "SS", "601018.SS": "SS", "601019.SS": "SS", "601020.SS": "SS", "601021.SS": "SS", "601028.SS": "SS", "601038.SS": "SS", "601058.SS": "SS", "601066.SS": "SS", "601068.SS": "SS", "601069.SS": "SS", "601077.SS": "SS", "601086.SS": "SS", "601088.SS": "SS", "601098.SS": "SS", "601099.SS": "SS", "601100.SS": "SS", "601101.SS": "SS", "601106.SS": "SS", "601107.SS": "SS", "601108.SS": "SS", "601111.SS": "SS", "601113.SS": "SS", "601116.SS": "SS", "601117.SS": "SS", "601118.SS": "SS", "601126.SS": "SS", "601127.SS": "SS", "601128.SS": "SS", "601137.SS": "SS", "601138.SS": "SS", "601139.SS": "SS", "601155.SS": "SS", "601158.SS": "SS", "601162.SS": "SS", "601163.SS": "SS", "601166.SS": "SS", "601168.SS": "SS", "601169.SS": "SS", "601177.SS": "SS", "601179.SS": "SS", "601186.SS": "SS", "601187.SS": "SS", "601188.SS": "SS", "601198.SS": "SS", "601199.SS": "SS", "601200.SS": "SS", "601208.SS": "SS", "601211.SS": "SS", "601212.SS": "SS", "601216.SS": "SS", "601218.SS": "SS", "601222.SS": "SS", "601225.SS": "SS", "601226.SS": "SS", "601228.SS": "SS", "601229.SS": "SS", "601231.SS": "SS", "601233.SS": "SS", "601236.SS": "SS", "601238.SS": "SS", "601258.SS": "SS", "601288.SS": "SS", "601298.SS": "SS", "601311.SS": "SS", "601318.SS": "SS", "601319.SS": "SS", "601326.SS": "SS", "601328.SS": "SS", "601330.SS": "SS", "601333.SS": "SS", "601336.SS": "SS", "601339.SS": "SS", "601360.SS": "SS", "601366.SS": "SS", "601368.SS": "SS", "601369.SS": "SS", "601375.SS": "SS", "601377.SS": "SS", "601388.SS": "SS", "601390.SS": "SS", "601398.SS": "SS", "601399.SS": "SS", "601456.SS": "SS", "601500.SS": "SS", "601512.SS": "SS", "601515.SS": "SS", "601518.SS": "SS", "601519.SS": "SS", "601555.SS": "SS", "601566.SS": "SS", "601567.SS": "SS", "601568.SS": "SS", "601577.SS": "SS", "601579.SS": "SS", "601588.SS": "SS", "601595.SS": "SS", "601598.SS": "SS", "601599.SS": "SS", "601600.SS": "SS", "601601.SS": "SS", "601606.SS": "SS", "601607.SS": "SS", "601608.SS": "SS", "601609.SS": "SS", "601611.SS": "SS", "601615.SS": "SS", "601616.SS": "SS", "601618.SS": "SS", "601619.SS": "SS", "601628.SS": "SS", "601633.SS": "SS", "601636.SS": "SS", "601658.SS": "SS", "601666.SS": "SS", "601668.SS": "SS", "601669.SS": "SS", "601677.SS": "SS", "601678.SS": "SS", "601686.SS": "SS", "601688.SS": "SS", "601689.SS": "SS", "601696.SS": "SS", "601698.SS": "SS", "601699.SS": "SS", "601700.SS": "SS", "601702.SS": "SS", "601717.SS": "SS", "601718.SS": "SS", "601727.SS": "SS", "601766.SS": "SS", "601777.SS": "SS", "601778.SS": "SS", "601788.SS": "SS", "601789.SS": "SS", "601798.SS": "SS", "601799.SS": "SS", "601800.SS": "SS", "601801.SS": "SS", "601808.SS": "SS", "601811.SS": "SS", "601816.SS": "SS", "601818.SS": "SS", "601827.SS": "SS", "601828.SS": "SS", "601838.SS": "SS", "601857.SS": "SS", "601858.SS": "SS", "601860.SS": "SS", "601865.SS": "SS", "601866.SS": "SS", "601869.SS": "SS", "601872.SS": "SS", "601877.SS": "SS", "601878.SS": "SS", "601880.SS": "SS", "601881.SS": "SS", "601882.SS": "SS", "601886.SS": "SS", "601888.SS": "SS", "601890.SS": "SS", "601898.SS": "SS", "601899.SS": "SS", "601900.SS": "SS", "601901.SS": "SS", "601908.SS": "SS", "601916.SS": "SS", "601918.SS": "SS", "601919.SS": "SS", "601928.SS": "SS", "601929.SS": "SS", "601933.SS": "SS", "601939.SS": "SS", "601949.SS": "SS", "601952.SS": "SS", "601956.SS": "SS", "601958.SS": "SS", "601963.SS": "SS", "601965.SS": "SS", "601966.SS": "SS", "601968.SS": "SS", "601969.SS": "SS", "601975.SS": "SS", "601985.SS": "SS", "601988.SS": "SS", "601989.SS": "SS", "601990.SS": "SS", "601991.SS": "SS", "601992.SS": "SS", "601995.SS": "SS", "601996.SS": "SS", "601997.SS": "SS", "601998.SS": "SS", "601999.SS": "SS", "603000.SS": "SS", "603001.SS": "SS", "603002.SS": "SS", "603003.SS": "SS", "603005.SS": "SS", "603006.SS": "SS", "603007.SS": "SS", "603008.SS": "SS", "603009.SS": "SS", "603010.SS": "SS", "603011.SS": "SS", "603012.SS": "SS", "603013.SS": "SS", "603015.SS": "SS", "603016.SS": "SS", "603017.SS": "SS", "603018.SS": "SS", "603019.SS": "SS", "603020.SS": "SS", "603021.SS": "SS", "603022.SS": "SS", "603023.SS": "SS", "603025.SS": "SS", "603026.SS": "SS", "603027.SS": "SS", "603028.SS": "SS", "603029.SS": "SS", "603030.SS": "SS", "603031.SS": "SS", "603032.SS": "SS", "603033.SS": "SS", "603035.SS": "SS", "603036.SS": "SS", "603037.SS": "SS", "603038.SS": "SS", "603039.SS": "SS", "603040.SS": "SS", "603041.SS": "SS", "603042.SS": "SS", "603043.SS": "SS", "603045.SS": "SS", "603050.SS": "SS", "603053.SS": "SS", "603055.SS": "SS", "603056.SS": "SS", "603058.SS": "SS", "603059.SS": "SS", "603060.SS": "SS", "603063.SS": "SS", "603066.SS": "SS", "603067.SS": "SS", "603068.SS": "SS", "603069.SS": "SS", "603076.SS": "SS", "603077.SS": "SS", "603078.SS": "SS", "603079.SS": "SS", "603080.SS": "SS", "603081.SS": "SS", "603083.SS": "SS", "603085.SS": "SS", "603086.SS": "SS", "603087.SS": "SS", "603088.SS": "SS", "603089.SS": "SS", "603090.SS": "SS", "603093.SS": "SS", "603095.SS": "SS", "603096.SS": "SS", "603098.SS": "SS", "603099.SS": "SS", "603100.SS": "SS", "603101.SS": "SS", "603103.SS": "SS", "603105.SS": "SS", "603106.SS": "SS", "603108.SS": "SS", "603109.SS": "SS", "603110.SS": "SS", "603111.SS": "SS", "603112.SS": "SS", "603113.SS": "SS", "603115.SS": "SS", "603116.SS": "SS", "603117.SS": "SS", "603118.SS": "SS", "603121.SS": "SS", "603123.SS": "SS", "603126.SS": "SS", "603127.SS": "SS", "603128.SS": "SS", "603129.SS": "SS", "603131.SS": "SS", "603133.SS": "SS", "603136.SS": "SS", "603138.SS": "SS", "603139.SS": "SS", "603155.SS": "SS", "603156.SS": "SS", "603157.SS": "SS", "603158.SS": "SS", "603159.SS": "SS", "603160.SS": "SS", "603161.SS": "SS", "603165.SS": "SS", "603166.SS": "SS", "603167.SS": "SS", "603168.SS": "SS", "603169.SS": "SS", "603177.SS": "SS", "603178.SS": "SS", "603179.SS": "SS", "603180.SS": "SS", "603181.SS": "SS", "603183.SS": "SS", "603185.SS": "SS", "603186.SS": "SS", "603187.SS": "SS", "603188.SS": "SS", "603189.SS": "SS", "603192.SS": "SS", "603195.SS": "SS", "603196.SS": "SS", "603197.SS": "SS", "603198.SS": "SS", "603199.SS": "SS", "603200.SS": "SS", "603203.SS": "SS", "603208.SS": "SS", "603212.SS": "SS", "603214.SS": "SS", "603217.SS": "SS", "603218.SS": "SS", "603220.SS": "SS", "603221.SS": "SS", "603222.SS": "SS", "603223.SS": "SS", "603225.SS": "SS", "603226.SS": "SS", "603227.SS": "SS", "603228.SS": "SS", "603229.SS": "SS", "603232.SS": "SS", "603233.SS": "SS", "603236.SS": "SS", "603238.SS": "SS", "603239.SS": "SS", "603256.SS": "SS", "603258.SS": "SS", "603259.SS": "SS", "603260.SS": "SS", "603266.SS": "SS", "603267.SS": "SS", "603268.SS": "SS", "603269.SS": "SS", "603277.SS": "SS", "603278.SS": "SS", "603279.SS": "SS", "603283.SS": "SS", "603286.SS": "SS", "603288.SS": "SS", "603289.SS": "SS", "603290.SS": "SS", "603297.SS": "SS", "603298.SS": "SS", "603299.SS": "SS", "603300.SS": "SS", "603301.SS": "SS", "603303.SS": "SS", "603305.SS": "SS", "603306.SS": "SS", "603308.SS": "SS", "603309.SS": "SS", "603311.SS": "SS", "603313.SS": "SS", "603315.SS": "SS", "603316.SS": "SS", "603317.SS": "SS", "603318.SS": "SS", "603319.SS": "SS", "603320.SS": "SS", "603321.SS": "SS", "603322.SS": "SS", "603323.SS": "SS", "603326.SS": "SS", "603327.SS": "SS", "603328.SS": "SS", "603329.SS": "SS", "603330.SS": "SS", "603331.SS": "SS", "603332.SS": "SS", "603333.SS": "SS", "603335.SS": "SS", "603336.SS": "SS", "603337.SS": "SS", "603338.SS": "SS", "603339.SS": "SS", "603345.SS": "SS", "603348.SS": "SS", "603351.SS": "SS", "603353.SS": "SS", "603355.SS": "SS", "603356.SS": "SS", "603357.SS": "SS", "603358.SS": "SS", "603359.SS": "SS", "603360.SS": "SS", "603363.SS": "SS", "603365.SS": "SS", "603366.SS": "SS", "603367.SS": "SS", "603368.SS": "SS", "603369.SS": "SS", "603377.SS": "SS", "603378.SS": "SS", "603379.SS": "SS", "603380.SS": "SS", "603383.SS": "SS", "603385.SS": "SS", "603386.SS": "SS", "603387.SS": "SS", "603388.SS": "SS", "603389.SS": "SS", "603390.SS": "SS", "603392.SS": "SS", "603393.SS": "SS", "603396.SS": "SS", "603398.SS": "SS", "603399.SS": "SS", "603408.SS": "SS", "603416.SS": "SS", "603421.SS": "SS", "603429.SS": "SS", "603439.SS": "SS", "603444.SS": "SS", "603456.SS": "SS", "603458.SS": "SS", "603466.SS": "SS", "603477.SS": "SS", "603486.SS": "SS", "603488.SS": "SS", "603489.SS": "SS", "603496.SS": "SS", "603499.SS": "SS", "603500.SS": "SS", "603501.SS": "SS", "603505.SS": "SS", "603506.SS": "SS", "603507.SS": "SS", "603508.SS": "SS", "603515.SS": "SS", "603516.SS": "SS", "603517.SS": "SS", "603518.SS": "SS", "603519.SS": "SS", "603520.SS": "SS", "603527.SS": "SS", "603528.SS": "SS", "603530.SS": "SS", "603533.SS": "SS", "603535.SS": "SS", "603536.SS": "SS", "603538.SS": "SS", "603551.SS": "SS", "603555.SS": "SS", "603556.SS": "SS", "603557.SS": "SS", "603558.SS": "SS", "603559.SS": "SS", "603565.SS": "SS", "603566.SS": "SS", "603567.SS": "SS", "603568.SS": "SS", "603569.SS": "SS", "603577.SS": "SS", "603578.SS": "SS", "603579.SS": "SS", "603580.SS": "SS", "603583.SS": "SS", "603585.SS": "SS", "603586.SS": "SS", "603587.SS": "SS", "603588.SS": "SS", "603589.SS": "SS", "603590.SS": "SS", "603595.SS": "SS", "603596.SS": "SS", "603598.SS": "SS", "603599.SS": "SS", "603600.SS": "SS", "603601.SS": "SS", "603602.SS": "SS", "603603.SS": "SS", "603605.SS": "SS", "603606.SS": "SS", "603607.SS": "SS", "603608.SS": "SS", "603609.SS": "SS", "603610.SS": "SS", "603611.SS": "SS", "603612.SS": "SS", "603613.SS": "SS", "603615.SS": "SS", "603616.SS": "SS", "603617.SS": "SS", "603618.SS": "SS", "603619.SS": "SS", "603626.SS": "SS", "603628.SS": "SS", "603629.SS": "SS", "603630.SS": "SS", "603633.SS": "SS", "603636.SS": "SS", "603637.SS": "SS", "603638.SS": "SS", "603639.SS": "SS", "603648.SS": "SS", "603650.SS": "SS", "603655.SS": "SS", "603656.SS": "SS", "603657.SS": "SS", "603658.SS": "SS", "603659.SS": "SS", "603660.SS": "SS", "603661.SS": "SS", "603662.SS": "SS", "603663.SS": "SS", "603665.SS": "SS", "603666.SS": "SS", "603667.SS": "SS", "603668.SS": "SS", "603669.SS": "SS", "603676.SS": "SS", "603677.SS": "SS", "603678.SS": "SS", "603679.SS": "SS", "603680.SS": "SS", "603681.SS": "SS", "603682.SS": "SS", "603683.SS": "SS", "603685.SS": "SS", "603686.SS": "SS", "603687.SS": "SS", "603688.SS": "SS", "603689.SS": "SS", "603690.SS": "SS", "603693.SS": "SS", "603696.SS": "SS", "603697.SS": "SS", "603698.SS": "SS", "603699.SS": "SS", "603700.SS": "SS", "603701.SS": "SS", "603703.SS": "SS", "603706.SS": "SS", "603707.SS": "SS", "603708.SS": "SS", "603709.SS": "SS", "603711.SS": "SS", "603712.SS": "SS", "603713.SS": "SS", "603716.SS": "SS", "603717.SS": "SS", "603718.SS": "SS", "603719.SS": "SS", "603721.SS": "SS", "603722.SS": "SS", "603725.SS": "SS", "603726.SS": "SS", "603727.SS": "SS", "603728.SS": "SS", "603729.SS": "SS", "603730.SS": "SS", "603733.SS": "SS", "603737.SS": "SS", "603738.SS": "SS", "603739.SS": "SS", "603755.SS": "SS", "603757.SS": "SS", "603758.SS": "SS", "603766.SS": "SS", "603767.SS": "SS", "603768.SS": "SS", "603773.SS": "SS", "603776.SS": "SS", "603777.SS": "SS", "603778.SS": "SS", "603779.SS": "SS", "603786.SS": "SS", "603787.SS": "SS", "603788.SS": "SS", "603789.SS": "SS", "603790.SS": "SS", "603797.SS": "SS", "603798.SS": "SS", "603799.SS": "SS", "603800.SS": "SS", "603801.SS": "SS", "603803.SS": "SS", "603806.SS": "SS", "603808.SS": "SS", "603809.SS": "SS", "603810.SS": "SS", "603811.SS": "SS", "603813.SS": "SS", "603815.SS": "SS", "603816.SS": "SS", "603817.SS": "SS", "603818.SS": "SS", "603819.SS": "SS", "603822.SS": "SS", "603823.SS": "SS", "603825.SS": "SS", "603826.SS": "SS", "603828.SS": "SS", "603829.SS": "SS", "603833.SS": "SS", "603838.SS": "SS", "603839.SS": "SS", "603843.SS": "SS", "603848.SS": "SS", "603855.SS": "SS", "603856.SS": "SS", "603858.SS": "SS", "603859.SS": "SS", "603860.SS": "SS", "603861.SS": "SS", "603863.SS": "SS", "603866.SS": "SS", "603867.SS": "SS", "603868.SS": "SS", "603869.SS": "SS", "603871.SS": "SS", "603876.SS": "SS", "603877.SS": "SS", "603878.SS": "SS", "603879.SS": "SS", "603880.SS": "SS", "603881.SS": "SS", "603882.SS": "SS", "603883.SS": "SS", "603885.SS": "SS", "603886.SS": "SS", "603887.SS": "SS", "603888.SS": "SS", "603889.SS": "SS", "603890.SS": "SS", "603893.SS": "SS", "603895.SS": "SS", "603896.SS": "SS", "603897.SS": "SS", "603898.SS": "SS", "603899.SS": "SS", "603900.SS": "SS", "603901.SS": "SS", "603903.SS": "SS", "603906.SS": "SS", "603908.SS": "SS", "603909.SS": "SS", "603912.SS": "SS", "603915.SS": "SS", "603916.SS": "SS", "603917.SS": "SS", "603918.SS": "SS", "603919.SS": "SS", "603920.SS": "SS", "603922.SS": "SS", "603926.SS": "SS", "603927.SS": "SS", "603928.SS": "SS", "603929.SS": "SS", "603931.SS": "SS", "603933.SS": "SS", "603936.SS": "SS", "603937.SS": "SS", "603938.SS": "SS", "603939.SS": "SS", "603948.SS": "SS", "603949.SS": "SS", "603950.SS": "SS", "603955.SS": "SS", "603956.SS": "SS", "603958.SS": "SS", "603959.SS": "SS", "603960.SS": "SS", "603963.SS": "SS", "603966.SS": "SS", "603967.SS": "SS", "603968.SS": "SS", "603969.SS": "SS", "603970.SS": "SS", "603976.SS": "SS", "603977.SS": "SS", "603978.SS": "SS", "603979.SS": "SS", "603980.SS": "SS", "603982.SS": "SS", "603983.SS": "SS", "603985.SS": "SS", "603986.SS": "SS", "603987.SS": "SS", "603988.SS": "SS", "603989.SS": "SS", "603990.SS": "SS", "603991.SS": "SS", "603992.SS": "SS", "603993.SS": "SS", "603995.SS": "SS", "603996.SS": "SS", "603997.SS": "SS", "603998.SS": "SS", "603999.SS": "SS", "605001.SS": "SS", "605003.SS": "SS", "605005.SS": "SS", "605006.SS": "SS", "605007.SS": "SS", "605008.SS": "SS", "605009.SS": "SS", "605018.SS": "SS", "605050.SS": "SS", "605055.SS": "SS", "605058.SS": "SS", "605066.SS": "SS", "605068.SS": "SS", "605077.SS": "SS", "605081.SS": "SS", "605088.SS": "SS", "605099.SS": "SS", "605100.SS": "SS", "605108.SS": "SS", "605111.SS": "SS", "605116.SS": "SS", "605118.SS": "SS", "605123.SS": "SS", "605128.SS": "SS", "605133.SS": "SS", "605136.SS": "SS", "605151.SS": "SS", "605155.SS": "SS", "605158.SS": "SS", "605166.SS": "SS", "605168.SS": "SS", "605169.SS": "SS", "605177.SS": "SS", "605178.SS": "SS", "605179.SS": "SS", "605183.SS": "SS", "605186.SS": "SS", "605188.SS": "SS", "605198.SS": "SS", "605199.SS": "SS", "605218.SS": "SS", "605222.SS": "SS", "605228.SS": "SS", "605255.SS": "SS", "605258.SS": "SS", "605266.SS": "SS", "605268.SS": "SS", "605277.SS": "SS", "605288.SS": "SS", "605299.SS": "SS", "605318.SS": "SS", "605333.SS": "SS", "605336.SS": "SS", "605337.SS": "SS", "605338.SS": "SS", "605358.SS": "SS", "605366.SS": "SS", "605368.SS": "SS", "605369.SS": "SS", "605376.SS": "SS", "605377.SS": "SS", "605388.SS": "SS", "605398.SS": "SS", "605399.SS": "SS", "605500.SS": "SS", "000001.SZ": "SZ", "000002.SZ": "SZ", "000004.SZ": "SZ", "000005.SZ": "SZ", "000006.SZ": "SZ", "000007.SZ": "SZ", "000008.SZ": "SZ", "000009.SZ": "SZ", "000010.SZ": "SZ", "000011.SZ": "SZ", "000012.SZ": "SZ", "000014.SZ": "SZ", "000016.SZ": "SZ", "000017.SZ": "SZ", "000019.SZ": "SZ", "000020.SZ": "SZ", "000021.SZ": "SZ", "000023.SZ": "SZ", "000025.SZ": "SZ", "000026.SZ": "SZ", "000027.SZ": "SZ", "000028.SZ": "SZ", "000029.SZ": "SZ", "000030.SZ": "SZ", "000031.SZ": "SZ", "000032.SZ": "SZ", "000034.SZ": "SZ", "000035.SZ": "SZ", "000036.SZ": "SZ", "000037.SZ": "SZ", "000038.SZ": "SZ", "000039.SZ": "SZ", "000040.SZ": "SZ", "000042.SZ": "SZ", "000045.SZ": "SZ", "000046.SZ": "SZ", "000048.SZ": "SZ", "000049.SZ": "SZ", "000050.SZ": "SZ", "000055.SZ": "SZ", "000056.SZ": "SZ", "000058.SZ": "SZ", "000059.SZ": "SZ", "000060.SZ": "SZ", "000061.SZ": "SZ", "000062.SZ": "SZ", "000063.SZ": "SZ", "000065.SZ": "SZ", "000066.SZ": "SZ", "000068.SZ": "SZ", "000069.SZ": "SZ", "000070.SZ": "SZ", "000078.SZ": "SZ", "000088.SZ": "SZ", "000089.SZ": "SZ", "000090.SZ": "SZ", "000096.SZ": "SZ", "000099.SZ": "SZ", "000100.SZ": "SZ", "000150.SZ": "SZ", "000151.SZ": "SZ", "000153.SZ": "SZ", "000155.SZ": "SZ", "000156.SZ": "SZ", "000157.SZ": "SZ", "000158.SZ": "SZ", "000159.SZ": "SZ", "000166.SZ": "SZ", "000301.SZ": "SZ", "000333.SZ": "SZ", "000338.SZ": "SZ", "000400.SZ": "SZ", "000401.SZ": "SZ", "000402.SZ": "SZ", "000403.SZ": "SZ", "000404.SZ": "SZ", "000407.SZ": "SZ", "000408.SZ": "SZ", "000409.SZ": "SZ", "000410.SZ": "SZ", "000411.SZ": "SZ", "000413.SZ": "SZ", "000415.SZ": "SZ", "000416.SZ": "SZ", "000417.SZ": "SZ", "000419.SZ": "SZ", "000420.SZ": "SZ", "000421.SZ": "SZ", "000422.SZ": "SZ", "000423.SZ": "SZ", "000425.SZ": "SZ", "000426.SZ": "SZ", "000428.SZ": "SZ", "000429.SZ": "SZ", "000430.SZ": "SZ", "000488.SZ": "SZ", "000498.SZ": "SZ", "000501.SZ": "SZ", "000502.SZ": "SZ", "000503.SZ": "SZ", "000504.SZ": "SZ", "000505.SZ": "SZ", "000506.SZ": "SZ", "000507.SZ": "SZ", "000509.SZ": "SZ", "000510.SZ": "SZ", "000513.SZ": "SZ", "000514.SZ": "SZ", "000516.SZ": "SZ", "000517.SZ": "SZ", "000518.SZ": "SZ", "000519.SZ": "SZ", "000520.SZ": "SZ", "000521.SZ": "SZ", "000523.SZ": "SZ", "000524.SZ": "SZ", "000525.SZ": "SZ", "000526.SZ": "SZ", "000528.SZ": "SZ", "000529.SZ": "SZ", "000530.SZ": "SZ", "000531.SZ": "SZ", "000532.SZ": "SZ", "000533.SZ": "SZ", "000534.SZ": "SZ", "000536.SZ": "SZ", "000537.SZ": "SZ", "000538.SZ": "SZ", "000539.SZ": "SZ", "000540.SZ": "SZ", "000541.SZ": "SZ", "000543.SZ": "SZ", "000544.SZ": "SZ", "000545.SZ": "SZ", "000546.SZ": "SZ", "000547.SZ": "SZ", "000548.SZ": "SZ", "000550.SZ": "SZ", "000551.SZ": "SZ", "000552.SZ": "SZ", "000553.SZ": "SZ", "000554.SZ": "SZ", "000555.SZ": "SZ", "000557.SZ": "SZ", "000558.SZ": "SZ", "000559.SZ": "SZ", "000560.SZ": "SZ", "000561.SZ": "SZ", "000563.SZ": "SZ", "000564.SZ": "SZ", "000565.SZ": "SZ", "000566.SZ": "SZ", "000567.SZ": "SZ", "000568.SZ": "SZ", "000570.SZ": "SZ", "000571.SZ": "SZ", "000572.SZ": "SZ", "000573.SZ": "SZ", "000576.SZ": "SZ", "000581.SZ": "SZ", "000582.SZ": "SZ", "000584.SZ": "SZ", "000585.SZ": "SZ", "000586.SZ": "SZ", "000587.SZ": "SZ", "000589.SZ": "SZ", "000590.SZ": "SZ", "000591.SZ": "SZ", "000592.SZ": "SZ", "000593.SZ": "SZ", "000595.SZ": "SZ", "000596.SZ": "SZ", "000597.SZ": "SZ", "000598.SZ": "SZ", "000599.SZ": "SZ", "000600.SZ": "SZ", "000601.SZ": "SZ", "000603.SZ": "SZ", "000605.SZ": "SZ", "000606.SZ": "SZ", "000607.SZ": "SZ", "000608.SZ": "SZ", "000609.SZ": "SZ", "000610.SZ": "SZ", "000611.SZ": "SZ", "000612.SZ": "SZ", "000613.SZ": "SZ", "000615.SZ": "SZ", "000616.SZ": "SZ", "000617.SZ": "SZ", "000619.SZ": "SZ", "000620.SZ": "SZ", "000622.SZ": "SZ", "000623.SZ": "SZ", "000625.SZ": "SZ", "000626.SZ": "SZ", "000627.SZ": "SZ", "000628.SZ": "SZ", "000629.SZ": "SZ", "000630.SZ": "SZ", "000631.SZ": "SZ", "000632.SZ": "SZ", "000633.SZ": "SZ", "000635.SZ": "SZ", "000636.SZ": "SZ", "000637.SZ": "SZ", "000638.SZ": "SZ", "000639.SZ": "SZ", "000650.SZ": "SZ", "000651.SZ": "SZ", "000652.SZ": "SZ", "000655.SZ": "SZ", "000656.SZ": "SZ", "000657.SZ": "SZ", "000659.SZ": "SZ", "000661.SZ": "SZ", "000662.SZ": "SZ", "000663.SZ": "SZ", "000665.SZ": "SZ", "000666.SZ": "SZ", "000667.SZ": "SZ", "000668.SZ": "SZ", "000669.SZ": "SZ", "000670.SZ": "SZ", "000671.SZ": "SZ", "000672.SZ": "SZ", "000673.SZ": "SZ", "000676.SZ": "SZ", "000677.SZ": "SZ", "000678.SZ": "SZ", "000679.SZ": "SZ", "000680.SZ": "SZ", "000681.SZ": "SZ", "000682.SZ": "SZ", "000683.SZ": "SZ", "000685.SZ": "SZ", "000686.SZ": "SZ", "000687.SZ": "SZ", "000688.SZ": "SZ", "000690.SZ": "SZ", "000691.SZ": "SZ", "000692.SZ": "SZ", "000695.SZ": "SZ", "000697.SZ": "SZ", "000698.SZ": "SZ", "000700.SZ": "SZ", "000701.SZ": "SZ", "000702.SZ": "SZ", "000703.SZ": "SZ", "000705.SZ": "SZ", "000707.SZ": "SZ", "000708.SZ": "SZ", "000709.SZ": "SZ", "000710.SZ": "SZ", "000711.SZ": "SZ", "000712.SZ": "SZ", "000713.SZ": "SZ", "000715.SZ": "SZ", "000716.SZ": "SZ", "000717.SZ": "SZ", "000718.SZ": "SZ", "000719.SZ": "SZ", "000720.SZ": "SZ", "000721.SZ": "SZ", "000722.SZ": "SZ", "000723.SZ": "SZ", "000725.SZ": "SZ", "000726.SZ": "SZ", "000727.SZ": "SZ", "000728.SZ": "SZ", "000729.SZ": "SZ", "000731.SZ": "SZ", "000732.SZ": "SZ", "000733.SZ": "SZ", "000735.SZ": "SZ", "000736.SZ": "SZ", "000737.SZ": "SZ", "000738.SZ": "SZ", "000739.SZ": "SZ", "000750.SZ": "SZ", "000751.SZ": "SZ", "000752.SZ": "SZ", "000753.SZ": "SZ", "000755.SZ": "SZ", "000756.SZ": "SZ", "000757.SZ": "SZ", "000758.SZ": "SZ", "000759.SZ": "SZ", "000760.SZ": "SZ", "000761.SZ": "SZ", "000762.SZ": "SZ", "000766.SZ": "SZ", "000767.SZ": "SZ", "000768.SZ": "SZ", "000776.SZ": "SZ", "000777.SZ": "SZ", "000778.SZ": "SZ", "000779.SZ": "SZ", "000780.SZ": "SZ", "000782.SZ": "SZ", "000783.SZ": "SZ", "000785.SZ": "SZ", "000786.SZ": "SZ", "000788.SZ": "SZ", "000789.SZ": "SZ", "000790.SZ": "SZ", "000791.SZ": "SZ", "000792.SZ": "SZ", "000793.SZ": "SZ", "000795.SZ": "SZ", "000796.SZ": "SZ", "000797.SZ": "SZ", "000798.SZ": "SZ", "000799.SZ": "SZ", "000800.SZ": "SZ", "000801.SZ": "SZ", "000802.SZ": "SZ", "000803.SZ": "SZ", "000806.SZ": "SZ", "000807.SZ": "SZ", "000809.SZ": "SZ", "000810.SZ": "SZ", "000811.SZ": "SZ", "000812.SZ": "SZ", "000813.SZ": "SZ", "000815.SZ": "SZ", "000816.SZ": "SZ", "000818.SZ": "SZ", "000819.SZ": "SZ", "000820.SZ": "SZ", "000821.SZ": "SZ", "000822.SZ": "SZ", "000823.SZ": "SZ", "000825.SZ": "SZ", "000826.SZ": "SZ", "000828.SZ": "SZ", "000829.SZ": "SZ", "000830.SZ": "SZ", "000831.SZ": "SZ", "000833.SZ": "SZ", "000835.SZ": "SZ", "000836.SZ": "SZ", "000837.SZ": "SZ", "000838.SZ": "SZ", "000839.SZ": "SZ", "000848.SZ": "SZ", "000850.SZ": "SZ", "000851.SZ": "SZ", "000852.SZ": "SZ", "000856.SZ": "SZ", "000858.SZ": "SZ", "000859.SZ": "SZ", "000860.SZ": "SZ", "000861.SZ": "SZ", "000862.SZ": "SZ", "000863.SZ": "SZ", "000868.SZ": "SZ", "000869.SZ": "SZ", "000875.SZ": "SZ", "000876.SZ": "SZ", "000877.SZ": "SZ", "000878.SZ": "SZ", "000880.SZ": "SZ", "000881.SZ": "SZ", "000882.SZ": "SZ", "000883.SZ": "SZ", "000885.SZ": "SZ", "000886.SZ": "SZ", "000887.SZ": "SZ", "000888.SZ": "SZ", "000889.SZ": "SZ", "000890.SZ": "SZ", "000892.SZ": "SZ", "000893.SZ": "SZ", "000895.SZ": "SZ", "000897.SZ": "SZ", "000898.SZ": "SZ", "000899.SZ": "SZ", "000900.SZ": "SZ", "000901.SZ": "SZ", "000902.SZ": "SZ", "000903.SZ": "SZ", "000905.SZ": "SZ", "000906.SZ": "SZ", "000908.SZ": "SZ", "000909.SZ": "SZ", "000910.SZ": "SZ", "000911.SZ": "SZ", "000912.SZ": "SZ", "000913.SZ": "SZ", "000915.SZ": "SZ", "000917.SZ": "SZ", "000918.SZ": "SZ", "000919.SZ": "SZ", "000920.SZ": "SZ", "000921.SZ": "SZ", "000922.SZ": "SZ", "000923.SZ": "SZ", "000925.SZ": "SZ", "000926.SZ": "SZ", "000927.SZ": "SZ", "000928.SZ": "SZ", "000929.SZ": "SZ", "000930.SZ": "SZ", "000931.SZ": "SZ", "000932.SZ": "SZ", "000933.SZ": "SZ", "000935.SZ": "SZ", "000936.SZ": "SZ", "000937.SZ": "SZ", "000938.SZ": "SZ", "000948.SZ": "SZ", "000949.SZ": "SZ", "000950.SZ": "SZ", "000951.SZ": "SZ", "000952.SZ": "SZ", "000953.SZ": "SZ", "000955.SZ": "SZ", "000957.SZ": "SZ", "000958.SZ": "SZ", "000959.SZ": "SZ", "000960.SZ": "SZ", "000961.SZ": "SZ", "000962.SZ": "SZ", "000963.SZ": "SZ", "000965.SZ": "SZ", "000966.SZ": "SZ", "000967.SZ": "SZ", "000968.SZ": "SZ", "000969.SZ": "SZ", "000970.SZ": "SZ", "000971.SZ": "SZ", "000972.SZ": "SZ", "000973.SZ": "SZ", "000975.SZ": "SZ", "000976.SZ": "SZ", "000977.SZ": "SZ", "000978.SZ": "SZ", "000980.SZ": "SZ", "000981.SZ": "SZ", "000982.SZ": "SZ", "000983.SZ": "SZ", "000985.SZ": "SZ", "000987.SZ": "SZ", "000988.SZ": "SZ", "000989.SZ": "SZ", "000990.SZ": "SZ", "000993.SZ": "SZ", "000995.SZ": "SZ", "000996.SZ": "SZ", "000997.SZ": "SZ", "000998.SZ": "SZ", "000999.SZ": "SZ", "001696.SZ": "SZ", "001872.SZ": "SZ", "001896.SZ": "SZ", "001914.SZ": "SZ", "001965.SZ": "SZ", "001979.SZ": "SZ"}